role_level,position,age,experience_years,avg_task_completion,attendance_rate,projects_handled,overtime_hours,training_hours,FeedBack_Percentage
Senior,QA Tester,44,22,2,4,18,16,39,66.27
Trainee,Data Analyst,31,4,2,2,5,46,18,27.33
Senior,QA Tester,62,16,2,5,14,25,27,69.27
Senior,DevOps Engineer,49,20,3,5,14,19,29,64.44
Senior,QA Tester,49,17,3,4,14,25,26,65.99
Junior,DevOps Engineer,34,9,3,5,2,42,18,48.89
Trainee,UX Designer,22,2,3,1,3,38,8,26.08
Junior,Data Analyst,25,3,3,3,8,11,11,29.45
Senior,DevOps Engineer,55,19,3,4,15,12,29,61.93
Trainee,DevOps Engineer,28,1,1,1,1,46,14,22.33
Senior,Data Analyst,42,17,2,5,16,31,30,57.59
Junior,Database Administrator,41,12,1,3,2,4,10,28.1
Junior,QA Tester,28,8,4,4,2,40,9,49.48
Senior,System Administrator,50,18,4,4,22,6,28,63.01
Junior,UX Designer,42,8,3,2,10,36,15,45.31
Trainee,DevOps Engineer,29,-2,4,2,7,27,9,30.39
Junior,Business Analyst,26,13,1,2,4,3,30,23.75
Senior,Database Administrator,41,23,5,3,9,9,40,58.6
Junior,DevOps Engineer,22,8,2,3,8,41,23,40.67
Trainee,QA Tester,33,2,1,2,3,43,1,28.67
Junior,QA Tester,30,10,3,3,6,40,13,47.54
Junior,UX Designer,38,7,1,3,12,30,10,39.75
Junior,UX Designer,43,5,3,4,17,51,9,54.7
Senior,Database Administrator,45,21,3,4,20,8,19,55.8
Senior,QA Tester,47,32,2,5,13,32,39,73.8
Senior,Data Scientist,50,18,4,3,21,0,34,64.83
Senior,UX Designer,61,29,2,5,8,41,27,70.24
Junior,Data Analyst,27,10,4,3,6,6,15,33.85
Junior,Data Analyst,40,8,4,1,11,43,28,43.22
Junior,Data Scientist,29,3,1,4,2,37,29,42.22
Senior,Business Analyst,56,30,3,4,19,23,30,63.07
Trainee,Business Analyst,18,2,1,3,4,44,10,19.18
Senior,Data Scientist,54,19,3,4,12,22,22,63.93
Senior,DevOps Engineer,55,18,4,4,17,20,36,68.42
Trainee,DevOps Engineer,31,2,1,1,4,14,17,19.08
Junior,Data Analyst,32,4,3,3,8,37,22,39.07
Trainee,Data Analyst,23,4,2,1,4,34,21,20.4
Junior,QA Tester,42,13,1,4,8,22,21,47.75
Trainee,QA Tester,27,0,2,1,3,22,20,26.82
Senior,Data Analyst,48,21,4,2,14,27,23,54.34
Junior,System Administrator,24,9,3,1,3,16,29,31.5
Trainee,System Administrator,22,0,1,1,4,54,14,21.7
Junior,System Administrator,28,9,4,4,15,22,13,46.09
Trainee,Data Scientist,22,6,2,1,2,14,19,23.55
Senior,Business Analyst,36,19,5,4,20,13,37,60.37
Trainee,DevOps Engineer,20,1,3,3,8,41,8,31.96
Junior,System Administrator,37,7,3,3,3,10,9,34.06
Junior,Database Administrator,37,6,3,3,8,21,16,37.99
Senior,Data Analyst,57,19,2,3,16,20,45,57.71
Senior,UX Designer,59,27,3,5,25,27,42,79.59
Junior,DevOps Engineer,37,10,4,3,14,25,29,51.36
Junior,System Administrator,36,9,5,2,12,22,19,45.53
Trainee,System Administrator,24,0,4,1,4,33,22,28.31
Senior,Data Scientist,38,29,4,3,21,44,33,73.38
Trainee,Business Analyst,35,1,4,3,0,47,10,30.5
Senior,QA Tester,57,19,5,3,18,2,29,69.29
Trainee,UX Designer,26,2,1,4,3,35,23,32.69
Junior,Database Administrator,32,8,3,4,15,11,17,41.22
Senior,System Administrator,40,18,4,5,11,11,47,64
Senior,Database Administrator,36,23,4,4,18,11,22,57.33
Senior,DevOps Engineer,40,27,3,3,8,18,16,53.02
Senior,Data Scientist,56,16,4,4,20,2,18,64.84
Trainee,System Administrator,35,1,1,1,2,37,10,20.27
Trainee,Business Analyst,34,4,1,3,3,17,7,17.47
Trainee,System Administrator,27,1,2,3,7,24,14,26.96
Junior,DevOps Engineer,36,11,5,2,7,22,21,46.08
Trainee,QA Tester,24,4,2,1,8,37,4,28.53
Senior,UX Designer,54,22,5,5,12,22,45,76.84
Junior,Data Analyst,33,3,2,3,8,23,31,35.49
Trainee,Database Administrator,25,3,4,2,9,29,7,28.51
Junior,Data Analyst,42,5,2,2,17,37,12,37.76
Senior,Data Analyst,51,18,2,4,19,26,34,58.56
Senior,System Administrator,45,28,4,5,14,39,40,73.29
Trainee,Business Analyst,35,1,2,2,4,39,22,24.99
Senior,Data Analyst,37,15,5,4,21,18,17,57.94
Trainee,UX Designer,19,1,1,3,2,36,17,26.34
Junior,Data Analyst,34,5,2,3,4,32,14,32.65
Senior,Database Administrator,39,24,5,3,18,25,31,63.13
Junior,DevOps Engineer,30,1,4,1,14,13,33,39.91
Junior,QA Tester,33,12,3,3,4,39,29,51.45
Senior,UX Designer,52,25,4,3,15,32,18,65.95
Junior,Data Analyst,26,6,3,5,5,51,25,45.85
Junior,System Administrator,37,8,4,3,7,32,37,49.42
Trainee,QA Tester,32,2,4,1,3,43,13,36.67
Trainee,QA Tester,25,3,2,3,0,27,23,33.13
Senior,DevOps Engineer,43,23,5,2,14,34,32,64.6
Senior,Data Scientist,54,29,3,3,12,40,46,73.09
Senior,Database Administrator,61,20,3,3,24,14,22,60.3
Trainee,Business Analyst,24,0,3,1,2,18,9,14.07
Senior,Database Administrator,54,31,2,4,18,35,38,66.98
Senior,QA Tester,49,21,5,5,12,43,34,79.99
Trainee,Business Analyst,23,2,2,3,0,23,15,18.67
Trainee,UX Designer,20,2,3,1,7,26,19,27.45
Trainee,Business Analyst,32,6,2,1,4,55,14,24.2
Senior,Data Analyst,48,24,4,5,24,27,34,70.2
Trainee,Data Scientist,26,0,2,3,5,47,12,34.4
Senior,Business Analyst,50,23,3,5,9,28,23,57.55
Senior,DevOps Engineer,36,17,4,4,12,21,34,60.96
Junior,DevOps Engineer,39,9,3,4,6,8,20,42.83
Trainee,Database Administrator,33,-1,4,3,6,45,20,36.88
Trainee,QA Tester,27,4,1,2,3,26,6,25.53
Senior,Database Administrator,40,28,5,4,12,34,41,68.93
Trainee,UX Designer,31,-1,3,3,7,46,5,35.59
Junior,Data Analyst,24,9,4,3,6,14,35,38.9
Junior,Data Scientist,27,12,3,3,8,40,18,47.77
Junior,UX Designer,31,12,3,1,5,40,6,37.61
Trainee,Data Analyst,29,-1,3,1,4,25,3,17.4
Trainee,QA Tester,32,4,2,3,4,15,18,33.41
Senior,Database Administrator,54,27,4,2,21,26,33,64.13
Senior,DevOps Engineer,38,25,4,5,24,20,28,69.93
Trainee,Business Analyst,27,2,1,1,2,42,14,15.61
Senior,Database Administrator,36,16,5,4,15,13,18,56.29
Junior,DevOps Engineer,37,4,4,3,8,35,31,49.53
Senior,Database Administrator,59,27,5,4,15,17,13,65.03
Junior,Database Administrator,34,9,1,4,13,19,7,34.97
Junior,DevOps Engineer,35,5,3,2,6,33,29,42.09
Trainee,Data Scientist,29,5,3,1,0,22,6,25.58
Senior,Business Analyst,33,31,5,4,19,22,37,64.46
Junior,System Administrator,34,9,5,3,7,17,28,46.82
Junior,System Administrator,27,7,4,2,1,34,22,38.36
Trainee,Business Analyst,31,5,1,1,0,38,16,16.4
Junior,Database Administrator,24,12,2,1,13,27,16,31.4
Junior,Data Scientist,44,9,3,5,10,13,37,56.55
Senior,DevOps Engineer,58,14,3,3,9,24,24,57.14
Trainee,System Administrator,27,2,1,2,1,34,21,22.76
Trainee,Data Scientist,25,5,4,2,4,37,12,36.02
Senior,Data Scientist,57,34,4,5,23,14,27,78.8
Junior,Business Analyst,44,4,3,3,6,36,35,42.45
Junior,UX Designer,42,9,4,5,9,10,25,53.49
Senior,DevOps Engineer,58,25,4,4,17,3,36,67.87
Junior,DevOps Engineer,41,5,5,4,3,28,31,52.92
Senior,Database Administrator,57,18,5,4,11,24,18,62.69
Senior,UX Designer,37,18,3,5,24,37,19,67.72
Senior,System Administrator,35,20,4,3,16,9,28,55.16
Trainee,DevOps Engineer,19,3,1,2,6,28,19,23.12
Senior,Database Administrator,58,32,2,4,25,24,42,69.91
Senior,UX Designer,32,29,3,4,19,11,23,60.72
Senior,System Administrator,40,34,4,5,22,4,30,68.06
Senior,Data Scientist,42,20,5,3,9,40,37,69.67
Senior,Data Analyst,34,34,4,3,19,34,11,58.14
Junior,UX Designer,45,4,3,2,8,40,20,46.07
Senior,UX Designer,46,27,5,4,24,6,40,74.13
Senior,Data Analyst,48,32,2,5,18,19,20,59.75
Senior,DevOps Engineer,35,19,5,4,12,29,32,65.17
Junior,DevOps Engineer,29,8,4,4,10,28,13,46.77
Trainee,Business Analyst,28,6,1,1,5,44,20,19.99
Senior,Data Analyst,45,35,5,4,16,5,20,61.88
Trainee,Data Scientist,30,-2,1,1,0,15,19,19.79
Trainee,Database Administrator,27,4,1,2,7,30,19,22.97
Senior,DevOps Engineer,45,34,5,4,13,22,32,71.12
Senior,Data Analyst,42,20,3,5,14,14,16,54.02
Junior,Business Analyst,30,5,3,1,11,37,37,36.29
Trainee,DevOps Engineer,23,1,1,4,3,32,18,28.34
Trainee,DevOps Engineer,26,0,1,2,8,25,15,23.3
Junior,Data Analyst,33,7,2,3,14,37,19,39.23
Senior,Database Administrator,55,27,3,4,10,13,39,61.46
Trainee,Business Analyst,29,0,1,2,0,16,7,10.86
Trainee,DevOps Engineer,29,0,1,1,2,41,17,22.41
Trainee,Data Analyst,29,3,4,2,5,34,11,28.09
Senior,Business Analyst,37,24,4,4,22,3,39,58.68
Senior,System Administrator,60,35,5,3,26,27,30,76.72
Senior,Database Administrator,37,16,5,4,13,42,42,66.87
Trainee,UX Designer,29,4,3,2,3,28,15,30.91
Trainee,QA Tester,24,-2,1,2,3,21,17,24.59
Junior,Data Analyst,43,3,2,3,6,9,14,30.61
Junior,Business Analyst,33,5,3,3,10,10,17,32.45
Senior,Business Analyst,54,20,4,4,23,21,41,66.14
Junior,Business Analyst,42,2,4,5,13,36,9,46.61
Trainee,System Administrator,26,6,2,1,2,24,11,19.85
Senior,Database Administrator,56,27,4,3,15,35,32,66.51
Junior,System Administrator,28,10,3,3,4,22,7,35
Junior,Data Analyst,37,5,5,2,8,39,22,43.71
Trainee,System Administrator,26,4,2,4,8,35,21,34.53
Trainee,UX Designer,22,0,2,4,7,49,11,35.54
Junior,Data Analyst,33,9,2,2,7,10,33,32.03
Junior,Database Administrator,43,11,4,1,14,7,32,41.53
Trainee,Business Analyst,29,1,3,1,9,31,20,23.51
Senior,Business Analyst,55,17,3,3,23,6,13,50.69
Senior,UX Designer,57,25,4,5,22,5,34,74.02
Junior,QA Tester,45,2,2,5,13,38,30,58.07
Junior,Business Analyst,43,2,2,5,13,31,22,43.29
Trainee,Data Analyst,25,0,2,1,3,32,4,15.06
Junior,Data Scientist,25,10,2,2,8,14,13,34.92
Senior,DevOps Engineer,48,35,5,4,15,13,47,74.7
Junior,System Administrator,40,7,2,3,6,20,21,37.94
Senior,DevOps Engineer,41,20,4,2,24,29,20,60.89
Senior,UX Designer,56,17,2,4,21,31,30,66.83
Senior,QA Tester,42,25,5,5,17,15,35,76.26
Junior,DevOps Engineer,45,7,3,5,16,40,9,54.45
Senior,System Administrator,41,13,4,4,13,25,36,61.09
Senior,QA Tester,44,33,4,4,9,29,33,72.49
Senior,Business Analyst,36,19,2,2,11,11,39,42.91
Trainee,Database Administrator,31,2,2,1,7,18,7,18.42
Trainee,QA Tester,33,2,2,3,3,30,15,34.9
Senior,System Administrator,49,20,5,5,24,24,32,74.15
Junior,DevOps Engineer,33,2,3,5,12,17,25,47.43
Junior,UX Designer,29,3,4,2,6,17,11,37.14
Trainee,Data Analyst,28,2,3,1,6,29,12,21.72
Junior,Data Analyst,25,5,3,2,9,12,27,31.49
Senior,Data Analyst,40,20,3,4,9,30,38,56.77
Junior,Database Administrator,27,9,3,2,5,34,18,35.33
Senior,Business Analyst,49,27,5,4,13,6,45,63.55
Senior,System Administrator,39,19,3,2,12,28,26,51.91
Senior,System Administrator,35,26,4,2,19,35,32,61.4
Senior,Data Analyst,47,25,4,5,8,34,36,65.45
Junior,QA Tester,45,12,2,1,11,23,14,42.49
Senior,QA Tester,56,16,5,3,19,16,40,73.72
Trainee,Business Analyst,25,1,3,2,5,33,2,19.94
Trainee,Database Administrator,33,2,4,2,6,22,6,27.31
Junior,Data Analyst,35,7,5,4,3,16,19,42.14
Junior,Business Analyst,42,4,3,4,8,47,36,47.88
Senior,Business Analyst,36,20,2,4,7,14,16,42.46
Junior,Business Analyst,32,4,4,3,6,43,11,38.09
Senior,Business Analyst,40,31,4,3,14,42,26,60.02
Senior,Data Analyst,42,19,5,3,14,31,35,61.33
Senior,Data Analyst,53,32,5,5,21,19,22,71.01
Senior,Data Analyst,41,26,5,5,20,24,29,68.38
Trainee,Data Analyst,18,0,1,2,2,49,13,18.3
Senior,Data Scientist,59,16,5,5,17,35,13,75.26
Trainee,Data Analyst,32,2,1,2,0,43,6,18.85
Senior,Data Scientist,36,17,5,4,13,25,48,71.3
Senior,System Administrator,41,21,5,4,12,14,15,58.93
Trainee,Data Analyst,30,1,1,3,0,31,17,20.91
Junior,Database Administrator,31,10,2,1,8,31,19,31.93
Senior,UX Designer,45,28,3,4,16,0,36,63.25
Junior,DevOps Engineer,38,12,4,2,8,13,34,45.67
Junior,Business Analyst,36,9,4,2,11,19,35,40.64
Junior,System Administrator,25,7,2,5,10,41,29,47.28
Trainee,QA Tester,20,4,1,2,6,33,18,29.17
Trainee,System Administrator,29,-1,1,3,0,25,11,20.77
Senior,UX Designer,39,16,5,5,23,21,28,71.77
Junior,DevOps Engineer,44,7,2,5,11,47,26,54.58
Junior,QA Tester,41,7,3,4,13,45,26,59.02
Senior,DevOps Engineer,53,25,5,3,18,25,30,69.94
Trainee,Data Analyst,24,4,3,1,7,22,1,17.78
Junior,UX Designer,42,11,2,3,11,20,13,43.08
Senior,Database Administrator,37,22,4,3,12,26,42,59.5
Senior,QA Tester,35,34,2,3,21,5,26,60.84
Junior,Data Analyst,41,2,2,1,4,40,25,32.03
Senior,System Administrator,47,22,2,2,20,0,30,50.77
Trainee,System Administrator,28,1,1,2,4,16,20,20.29
Junior,System Administrator,41,10,2,5,8,33,18,47.38
Junior,Data Scientist,32,6,3,1,7,37,18,40.73
Senior,System Administrator,45,22,2,4,18,17,19,55.84
Trainee,Data Analyst,21,0,2,1,3,51,14,20.01
Trainee,Database Administrator,26,4,2,2,9,30,9,24.14
Trainee,Business Analyst,31,-2,2,2,0,30,4,15.59
Trainee,Data Scientist,29,0,1,1,5,37,14,25.38
Senior,Database Administrator,57,19,4,4,7,10,34,59.53
Senior,UX Designer,40,31,2,5,18,34,24,67.65
Trainee,Data Scientist,28,2,1,4,3,18,14,29.45
Trainee,Data Scientist,21,5,4,2,10,30,19,37.7
Trainee,QA Tester,21,4,1,1,0,21,12,20.47
Trainee,DevOps Engineer,27,1,1,3,4,28,4,23.05
Junior,DevOps Engineer,39,11,3,5,3,38,36,54.45
Senior,System Administrator,46,29,3,4,17,9,37,63.04
Senior,Database Administrator,37,23,4,3,10,22,17,52.58
Senior,Business Analyst,39,35,5,4,13,17,26,61.26
Trainee,Data Analyst,27,0,1,1,0,22,13,11.69
Trainee,Data Scientist,28,5,3,1,0,37,2,27.28
Trainee,Data Analyst,32,0,3,3,1,30,20,27.62
Junior,UX Designer,46,8,1,5,14,35,17,51.09
Senior,Data Analyst,48,14,5,3,13,14,45,59.87
Trainee,Data Scientist,25,1,4,4,6,16,11,36.92
Trainee,Database Administrator,35,4,1,3,0,35,9,23.68
Senior,DevOps Engineer,40,17,5,5,13,23,40,69.72
Junior,System Administrator,37,7,3,1,11,9,22,34.59
Senior,Business Analyst,43,33,4,4,22,27,38,67.28
Junior,System Administrator,45,11,2,2,6,42,36,45.3
Trainee,Data Scientist,27,2,1,1,0,57,12,26.78
Junior,System Administrator,30,9,4,1,8,35,18,39.12
Senior,System Administrator,51,25,4,4,21,16,30,67.36
Senior,Database Administrator,50,27,5,5,20,12,33,71.16
Senior,System Administrator,56,29,3,2,12,31,32,61.15
Junior,Data Analyst,31,1,5,3,11,4,25,38.95
Senior,DevOps Engineer,47,23,4,3,15,24,27,62.96
Trainee,Database Administrator,21,3,2,1,5,38,21,22.43
Junior,Business Analyst,25,8,4,2,12,33,17,36.6
Senior,Business Analyst,48,26,4,3,13,20,45,60.24
Junior,System Administrator,30,9,4,1,8,25,25,38.76
Trainee,UX Designer,23,3,1,1,3,43,16,23.94
Junior,Data Analyst,36,2,3,3,12,22,18,37.26
Trainee,DevOps Engineer,23,2,2,3,7,21,10,26.34
Junior,Data Analyst,34,8,4,3,6,44,27,45.12
Junior,Business Analyst,32,7,5,3,10,14,34,42.95
Senior,DevOps Engineer,36,19,5,4,21,29,36,70
Trainee,Data Scientist,28,1,1,4,8,51,14,37.66
Junior,DevOps Engineer,35,5,1,3,8,13,15,33.03
Senior,System Administrator,36,33,4,3,11,26,19,58.42
Junior,Business Analyst,33,6,4,3,7,16,11,34.07
Trainee,Business Analyst,26,2,1,3,1,33,12,18.26
Junior,Data Analyst,29,7,3,3,10,38,34,42.85
Senior,Data Scientist,48,30,4,3,13,34,24,68.91
Junior,QA Tester,35,5,4,1,8,26,31,46.72
Trainee,Database Administrator,30,3,4,1,7,37,16,29.68
Junior,Data Analyst,32,8,1,2,10,15,20,27.96
Trainee,Business Analyst,28,3,3,3,4,36,19,28.1
Senior,System Administrator,41,23,4,3,21,27,28,63.11
Trainee,QA Tester,26,4,2,4,4,30,20,38.04
Trainee,Database Administrator,24,1,2,1,6,31,20,21.35
Junior,Data Scientist,30,9,3,1,15,30,30,45.66
Junior,DevOps Engineer,31,12,2,4,8,15,10,38.88
Junior,Data Analyst,47,8,4,2,6,26,17,39.9
Senior,System Administrator,52,27,3,5,16,35,28,69.37
Senior,UX Designer,53,18,4,3,26,25,49,74.33
Senior,Data Analyst,60,33,5,5,15,14,26,70.61
Trainee,UX Designer,33,-1,1,4,5,50,12,34.88
Junior,Data Analyst,44,8,4,3,4,41,33,47.62
Senior,Database Administrator,58,31,2,5,10,20,17,59.82
Junior,DevOps Engineer,42,4,2,4,3,27,26,43.2
Senior,Database Administrator,40,16,4,5,14,43,28,65.04
Junior,Data Analyst,36,9,4,3,4,27,33,43.14
Trainee,UX Designer,19,1,2,2,6,47,14,29.38
Junior,UX Designer,29,9,1,2,7,37,34,40.11
Senior,System Administrator,47,18,3,4,22,26,19,61.4
Junior,System Administrator,35,13,3,3,15,10,25,43.92
Trainee,UX Designer,28,2,2,3,5,42,17,34.06
Trainee,Database Administrator,23,1,1,1,9,37,12,18.92
Trainee,UX Designer,28,1,1,1,8,39,21,26.96
Junior,Data Analyst,31,9,2,3,5,48,31,40.39
Junior,Business Analyst,26,4,3,3,14,25,14,34.26
Junior,UX Designer,38,4,1,3,2,27,18,36.04
Trainee,Database Administrator,27,5,3,2,7,32,13,27.91
Senior,Data Scientist,38,21,5,5,27,14,24,73.89
Senior,Business Analyst,40,31,5,3,15,29,21,59.62
Trainee,Data Analyst,30,2,1,2,3,43,16,21.83
Senior,Data Analyst,44,27,3,5,12,13,21,56.65
Senior,DevOps Engineer,49,22,5,2,20,16,40,66.63
Senior,DevOps Engineer,47,21,5,4,21,34,46,76.65
Senior,Database Administrator,56,23,4,3,13,42,25,64.26
Senior,Data Analyst,33,26,3,5,12,22,30,57.36
Trainee,Data Analyst,33,4,1,3,4,24,14,22.21
Senior,UX Designer,41,29,5,2,24,12,16,63.6
Junior,DevOps Engineer,44,7,1,3,10,31,28,43.13
Junior,DevOps Engineer,30,8,3,2,6,27,11,36.37
Senior,Database Administrator,46,19,4,5,13,6,32,60.67
Junior,System Administrator,28,4,2,3,14,34,19,39.66
Junior,DevOps Engineer,28,8,4,4,1,35,27,47.4
Senior,DevOps Engineer,46,33,4,3,13,8,46,65.99
Trainee,Business Analyst,29,1,3,2,4,10,11,18.04
Junior,DevOps Engineer,41,7,3,1,14,49,22,46.2
Senior,DevOps Engineer,40,31,4,3,16,0,24,58.58
Junior,UX Designer,45,5,2,5,4,36,32,52.13
Junior,System Administrator,36,8,2,3,6,28,29,40.62
Junior,Database Administrator,36,6,2,2,4,37,23,35.23
Senior,DevOps Engineer,53,32,2,4,25,17,24,66.41
Senior,Data Scientist,60,22,4,5,26,36,40,84.5
Trainee,Data Scientist,36,-2,4,3,4,25,12,37.15
Junior,System Administrator,38,7,3,3,2,2,23,35.53
Trainee,DevOps Engineer,34,3,1,2,7,20,26,27.32
Senior,Database Administrator,53,26,5,5,15,14,37,70.83
Senior,Business Analyst,39,32,5,5,18,11,30,64.97
Senior,Database Administrator,53,21,3,5,24,7,18,61.85
Junior,Data Analyst,27,7,1,1,9,28,30,27.98
Trainee,DevOps Engineer,30,2,3,1,4,29,20,27.9
Senior,Business Analyst,54,15,5,4,11,39,26,62.66
Junior,DevOps Engineer,28,7,1,3,7,29,22,36.09
Junior,Database Administrator,22,6,2,1,5,34,15,26.95
Trainee,System Administrator,30,2,4,3,0,28,15,31.75
Junior,Database Administrator,40,10,2,3,6,18,6,33.47
Senior,QA Tester,48,18,4,3,10,18,44,67.12
Junior,Database Administrator,36,11,2,2,12,22,16,35.5
Junior,UX Designer,27,5,5,3,4,50,34,53.58
Junior,Data Analyst,44,13,3,1,7,42,19,39.03
Junior,Business Analyst,38,6,5,3,15,32,26,47.96
Senior,Data Analyst,50,18,4,3,13,10,38,56.42
Senior,Data Analyst,55,29,3,2,16,25,31,57.97
Senior,Business Analyst,41,29,3,5,17,28,47,65.8
Junior,Business Analyst,27,8,2,1,1,18,13,20.37
Junior,System Administrator,41,6,4,2,11,24,30,45.54
Senior,Database Administrator,56,31,5,5,21,40,41,81.45
Junior,Business Analyst,27,10,2,2,9,30,24,31.84
Trainee,Data Analyst,26,1,4,4,0,35,18,32.02
Senior,Data Analyst,58,33,5,5,16,15,35,72.72
Trainee,UX Designer,33,2,1,2,1,42,21,28.99
Trainee,Data Analyst,23,4,3,1,1,21,4,15.55
Trainee,Business Analyst,31,2,3,4,0,46,20,31.88
Trainee,System Administrator,25,2,2,3,0,55,22,31.69
Senior,Data Analyst,59,32,3,2,16,30,24,59.23
Senior,Data Analyst,57,18,4,2,13,20,36,56.9
Senior,Business Analyst,36,30,4,3,16,38,33,60.34
Junior,DevOps Engineer,37,12,3,3,6,28,17,43.71
Senior,Data Analyst,55,25,5,3,25,3,36,65.65
Senior,Database Administrator,59,32,4,4,15,17,45,70.98
Senior,DevOps Engineer,41,21,4,5,8,37,31,67
Trainee,UX Designer,31,1,3,3,3,32,18,34.79
Senior,Business Analyst,52,31,3,5,20,34,36,69.01
Junior,Business Analyst,27,6,5,3,7,18,14,36.37
Junior,Data Analyst,29,7,3,4,2,49,20,41.38
Senior,Business Analyst,54,32,5,4,11,18,26,63.55
Junior,Data Scientist,24,11,2,2,7,15,6,33.17
Junior,Data Scientist,32,8,4,2,4,20,13,41.13
Trainee,DevOps Engineer,22,1,1,2,3,14,11,17.46
Junior,QA Tester,38,3,2,1,9,13,14,35.4
Trainee,UX Designer,30,2,3,2,2,42,20,34
Senior,Business Analyst,33,23,3,4,14,14,39,53.47
Junior,DevOps Engineer,32,4,5,4,7,40,12,50.07
Trainee,Data Analyst,18,3,3,1,2,40,16,20.85
Trainee,Business Analyst,23,2,1,4,6,33,11,22.19
Senior,QA Tester,47,32,5,5,7,21,33,76.19
Trainee,Business Analyst,21,4,1,1,4,14,27,12.97
Junior,UX Designer,35,4,3,4,11,20,19,46.2
Trainee,Database Administrator,23,-1,1,2,7,28,6,17.21
Senior,Database Administrator,54,28,4,5,20,27,36,73.28
Trainee,Business Analyst,24,2,1,4,9,11,10,19.12
Junior,Data Scientist,34,10,3,2,4,36,14,42.84
Senior,Business Analyst,41,33,4,5,18,9,36,63.91
Junior,System Administrator,27,9,1,3,4,26,20,32.56
Senior,UX Designer,36,31,2,2,9,35,17,53.22
Senior,Data Analyst,40,28,4,4,18,24,36,63.9
Senior,Database Administrator,47,18,5,4,17,24,35,66.49
Trainee,System Administrator,32,1,1,3,5,45,5,26.74
Trainee,Data Scientist,32,2,2,1,1,37,21,29.44
Trainee,System Administrator,30,1,1,1,3,27,2,15.63
Trainee,System Administrator,30,3,3,1,5,23,10,23.63
Senior,DevOps Engineer,38,28,4,4,12,37,27,66.22
Junior,DevOps Engineer,47,7,4,1,12,10,23,42.28
Junior,Data Analyst,42,7,3,2,16,22,23,40.24
Trainee,System Administrator,33,1,1,3,1,32,17,25.5
Senior,DevOps Engineer,36,31,3,4,10,18,34,60.9
Junior,System Administrator,33,6,2,2,8,20,9,31.26
Senior,Data Scientist,55,20,3,2,18,23,28,63.01
Senior,DevOps Engineer,54,19,2,3,22,29,18,59.77
Trainee,Business Analyst,27,2,3,3,4,29,10,24.12
Senior,Database Administrator,54,33,3,4,20,20,48,70.47
Trainee,System Administrator,23,4,1,3,1,39,4,22.26
Senior,Database Administrator,61,24,5,2,13,29,49,68.74
Senior,UX Designer,34,27,5,3,12,29,27,64.99
Junior,UX Designer,40,5,1,2,11,25,33,40.74
Junior,DevOps Engineer,27,5,1,2,6,20,15,28.73
Trainee,Data Analyst,30,4,2,1,6,21,16,19.3
Trainee,Data Scientist,33,-1,1,2,4,40,11,28.35
Junior,Data Scientist,34,7,3,1,12,14,13,37.93
Senior,Data Analyst,44,24,5,5,11,16,19,61
Junior,Data Scientist,37,6,2,3,14,47,14,48.61
Trainee,Data Analyst,30,1,2,3,0,20,15,21.15
Junior,Business Analyst,33,8,2,3,15,24,15,34.81
Senior,System Administrator,56,32,4,3,24,11,29,67.93
Junior,Data Scientist,45,8,3,4,8,19,22,50.72
Trainee,System Administrator,19,2,2,1,2,42,20,22.47
Senior,Database Administrator,33,18,4,4,17,37,28,61.1
Trainee,QA Tester,20,2,1,1,3,27,21,24.09
Junior,Data Analyst,39,4,2,3,13,39,23,40.69
Trainee,Data Analyst,27,1,2,1,4,40,10,19.21
Trainee,Data Scientist,18,0,1,4,2,32,8,27.35
Senior,Business Analyst,39,28,4,3,10,15,31,53.19
Senior,QA Tester,54,23,2,4,27,4,39,70.52
Trainee,Business Analyst,24,0,1,1,1,19,16,9.87
Junior,Business Analyst,38,6,3,3,5,28,16,35.19
Senior,Data Analyst,38,25,5,5,22,34,39,72.35
Junior,Data Scientist,28,9,4,3,14,23,16,48.61
Trainee,Data Analyst,32,5,2,4,5,42,22,33.52
Senior,DevOps Engineer,44,23,3,5,21,19,25,66.01
Trainee,Database Administrator,27,4,3,4,8,41,10,34.68
Trainee,Database Administrator,24,0,3,1,0,12,20,17.67
Senior,Data Analyst,39,35,3,5,17,25,25,63.02
Senior,Business Analyst,58,19,5,3,14,12,20,56.61
Senior,DevOps Engineer,39,27,5,5,19,33,38,76.33
Trainee,Data Scientist,31,-2,1,1,5,20,14,21.89
Senior,System Administrator,42,26,4,4,9,5,21,56.19
Junior,DevOps Engineer,33,2,2,3,11,40,25,43.15
Junior,DevOps Engineer,45,6,5,3,7,46,24,55.03
Senior,Business Analyst,39,19,5,3,26,21,21,58.8
Junior,Business Analyst,37,8,2,5,5,21,29,39.9
Trainee,Data Analyst,32,-1,3,3,2,9,23,24.37
Junior,Database Administrator,25,7,5,3,1,12,12,35.26
Junior,Data Analyst,24,3,3,1,15,15,14,27.93
Senior,System Administrator,53,28,3,2,13,11,23,54.56
Senior,Business Analyst,53,15,2,5,15,32,31,58.22
Senior,Database Administrator,47,27,3,3,19,32,25,60.97
Senior,UX Designer,59,28,2,4,14,33,21,66.19
Senior,QA Tester,57,25,4,4,19,27,28,76.11
Junior,Data Scientist,31,8,3,3,15,12,38,49.48
Senior,Business Analyst,35,19,4,4,15,2,38,53.43
Trainee,Data Analyst,24,0,1,4,0,47,17,25.04
Junior,Business Analyst,37,3,4,3,2,30,29,39
Senior,Database Administrator,34,26,4,5,14,36,18,62.78
Senior,Data Scientist,35,18,4,3,15,5,18,55.9
Senior,System Administrator,49,35,2,2,12,21,36,57.32
Trainee,Data Scientist,22,2,2,2,2,43,5,27.6
Trainee,QA Tester,23,0,3,3,2,40,4,33.61
Senior,Data Scientist,53,28,3,5,21,18,12,69.8
Trainee,Data Analyst,23,-2,3,1,3,49,20,23.72
Junior,Business Analyst,34,7,3,3,6,22,30,36.91
Junior,QA Tester,26,9,2,2,7,17,19,37.97
Senior,Data Analyst,42,18,5,5,26,8,35,67.06
Senior,Business Analyst,44,30,4,5,25,2,39,65.95
Junior,Business Analyst,27,4,2,2,10,23,18,27.8
Junior,DevOps Engineer,41,9,3,3,4,45,30,49.31
Senior,DevOps Engineer,52,18,5,5,16,24,38,74.03
Trainee,Business Analyst,23,3,1,3,7,33,6,18.95
Junior,Data Analyst,38,2,3,5,0,34,22,41.66
Senior,Data Analyst,39,26,4,3,22,25,32,61.24
Junior,System Administrator,39,4,2,2,6,32,29,38.18
Trainee,Data Analyst,26,1,2,1,0,45,8,17.84
Senior,System Administrator,36,32,4,3,13,12,14,55.1
Junior,DevOps Engineer,42,11,4,2,12,38,31,52.26
Senior,Data Analyst,46,24,4,4,11,5,42,59.02
Trainee,DevOps Engineer,26,2,1,2,6,41,27,28.95
Junior,UX Designer,31,4,4,4,12,8,24,47.18
Trainee,Business Analyst,32,0,3,4,3,37,20,31.01
Junior,QA Tester,34,9,2,3,4,23,32,45.65
Trainee,Database Administrator,28,3,1,1,1,13,16,13.72
Junior,Data Analyst,41,6,4,2,6,43,18,41.37
Trainee,Business Analyst,37,4,1,3,7,34,25,27.3
Trainee,Data Scientist,20,2,1,2,4,35,2,22.86
Senior,Data Analyst,59,25,2,5,24,38,29,68.74
Trainee,Database Administrator,20,6,2,1,2,42,14,21.01
Trainee,Business Analyst,29,3,1,3,3,32,9,19.35
Senior,Data Analyst,41,34,3,5,15,24,34,64.28
Senior,DevOps Engineer,52,26,5,4,26,12,23,71.94
Junior,Data Analyst,39,11,2,4,6,32,38,44.67
Junior,System Administrator,32,6,4,4,7,36,31,49.83
Junior,Database Administrator,34,8,3,4,2,32,22,41.67
Trainee,System Administrator,34,0,4,1,1,34,19,29.02
Senior,Business Analyst,47,23,3,4,20,15,31,57.77
Senior,System Administrator,58,31,4,4,17,15,15,65.6
Junior,DevOps Engineer,31,5,3,4,6,43,26,47.9
Senior,Business Analyst,54,17,4,3,16,18,26,55.68
Junior,QA Tester,32,6,2,3,15,26,21,46.84
Senior,UX Designer,52,15,5,5,24,28,40,79.24
Senior,DevOps Engineer,54,21,3,5,21,35,25,71.06
Trainee,Business Analyst,34,1,3,4,4,37,8,29.53
Junior,Data Analyst,33,10,4,3,4,30,20,40.39
Trainee,Database Administrator,24,3,1,1,0,24,25,16.53
Senior,Data Scientist,38,16,3,5,23,15,21,64.76
Trainee,System Administrator,18,0,1,2,4,40,5,18.69
Trainee,Data Analyst,26,1,2,4,2,46,6,26.72
Junior,System Administrator,34,5,4,3,0,34,19,41.19
Trainee,System Administrator,25,2,3,2,5,27,0,23.39
Senior,DevOps Engineer,47,29,3,2,22,33,30,64.5
Senior,DevOps Engineer,37,24,4,5,18,36,26,69.68
Senior,System Administrator,45,31,3,2,16,42,23,60.71
Junior,Database Administrator,34,3,2,1,14,36,16,33.42
Trainee,Data Scientist,28,4,3,1,5,45,20,34.75
Junior,Business Analyst,43,6,5,2,4,29,30,42.24
Trainee,System Administrator,21,1,3,3,1,49,16,31.13
Senior,Data Scientist,61,19,4,4,13,46,18,72.67
Trainee,Database Administrator,23,3,1,2,0,49,10,20.49
Senior,Business Analyst,56,31,5,5,16,41,21,71.88
Senior,Business Analyst,58,29,5,3,18,10,36,64.51
Trainee,Database Administrator,21,4,2,3,8,30,12,25.89
Junior,Business Analyst,38,6,5,5,1,36,28,48.92
Trainee,Data Analyst,24,2,1,1,5,36,6,14.72
Trainee,Data Scientist,32,3,3,2,6,49,12,37.61
Trainee,UX Designer,31,5,4,1,4,36,16,33.88
Senior,QA Tester,44,31,5,5,19,15,22,76.35
Senior,DevOps Engineer,42,23,3,5,16,10,34,63.76
Junior,DevOps Engineer,31,5,2,5,1,10,27,39.61
Junior,Business Analyst,26,9,3,1,4,27,35,31.22
Junior,DevOps Engineer,44,5,4,1,6,17,19,38.94
Trainee,Business Analyst,21,-2,3,2,3,27,14,18.8
Senior,Business Analyst,45,23,2,3,12,28,39,52.82
Trainee,Data Scientist,34,1,3,2,0,26,9,29.89
Senior,Database Administrator,42,21,4,5,18,8,46,65.95
Trainee,Database Administrator,22,1,4,2,5,32,17,28.31
Junior,UX Designer,27,9,4,4,16,22,18,50.57
Junior,System Administrator,28,9,2,5,9,9,17,39.21
Junior,Database Administrator,42,7,2,4,11,36,27,46.23
Senior,Business Analyst,59,25,2,5,18,0,35,58.6
Junior,System Administrator,34,4,3,4,10,15,23,42.28
Junior,Database Administrator,43,9,4,3,3,36,16,44
Junior,DevOps Engineer,30,6,3,1,10,34,22,38.53
Junior,DevOps Engineer,45,9,3,3,6,32,29,48.28
Senior,Business Analyst,45,18,3,2,16,17,29,48.57
Trainee,Database Administrator,18,3,1,1,5,29,8,14.17
Senior,Business Analyst,60,21,3,5,11,10,41,60.87
Senior,UX Designer,49,19,3,5,17,37,15,67.29
Senior,DevOps Engineer,53,22,5,4,11,6,22,63.49
Trainee,Data Scientist,22,-1,2,2,0,41,10,26.63
Senior,Business Analyst,51,23,4,4,23,31,31,65.96
Senior,Business Analyst,54,29,2,5,11,8,22,54.26
Trainee,UX Designer,26,-1,1,2,2,52,13,26.92
Senior,Data Scientist,38,33,4,5,12,16,31,70.46
Senior,Data Scientist,53,23,5,4,19,18,28,73.94
Senior,DevOps Engineer,58,21,5,4,19,32,42,77.36
Senior,System Administrator,45,17,2,3,26,24,40,60.99
Senior,UX Designer,42,25,4,4,22,7,34,67.84
Junior,QA Tester,40,5,4,3,1,39,19,50.48
Junior,Data Analyst,41,8,3,4,6,24,35,44.82
Trainee,DevOps Engineer,31,5,2,1,3,37,11,25.39
Junior,DevOps Engineer,31,11,3,3,8,29,26,44.99
Senior,System Administrator,50,32,5,4,13,35,40,74.58
Senior,Data Scientist,53,18,4,4,23,42,39,78.47
Trainee,Database Administrator,26,-1,3,2,7,17,26,25.92
Senior,Database Administrator,61,21,4,4,15,6,30,62.66
Senior,Data Scientist,46,23,5,4,20,3,38,71.85
Senior,Database Administrator,38,29,2,5,18,32,38,64.51
Senior,System Administrator,55,28,3,2,19,31,35,64.08
Junior,Business Analyst,36,4,1,5,11,22,12,34.47
Trainee,Data Analyst,25,-2,3,1,2,38,6,18.47
Junior,QA Tester,35,6,3,3,0,18,27,44.06
Senior,Database Administrator,56,29,5,5,15,20,18,69.29
Junior,DevOps Engineer,37,4,5,1,3,28,23,41.46
Senior,DevOps Engineer,56,27,3,4,20,14,33,67.91
Trainee,Business Analyst,29,-1,1,1,3,31,25,16.01
Trainee,Data Analyst,26,-1,4,3,5,30,10,27.98
Junior,Data Scientist,23,7,2,2,7,28,21,37.6
Trainee,DevOps Engineer,28,1,1,1,1,55,7,22.44
Trainee,System Administrator,28,0,4,1,6,42,4,27.72
Senior,DevOps Engineer,41,32,3,5,12,17,46,68.53
Trainee,Data Analyst,29,2,3,1,1,37,23,23.91
Trainee,Data Analyst,22,1,1,1,2,12,13,9.55
Trainee,Data Analyst,23,1,3,2,0,33,16,22.08
Senior,Data Analyst,38,35,5,4,13,23,21,62.57
Junior,UX Designer,45,9,3,4,13,24,27,53.56
Senior,Data Scientist,51,26,2,4,18,19,27,65.47
Trainee,QA Tester,37,2,1,2,1,36,16,30.9
Senior,Data Scientist,43,31,5,3,16,14,23,67.79
Trainee,Business Analyst,29,0,2,3,0,23,3,16.88
Trainee,DevOps Engineer,32,-1,1,2,0,54,11,25.93
Trainee,System Administrator,30,3,3,1,0,41,1,23.06
Junior,Business Analyst,36,6,3,1,1,16,24,26.98
Senior,QA Tester,51,14,4,4,15,31,38,72.69
Junior,System Administrator,41,3,5,2,11,45,20,49.35
Senior,Business Analyst,53,25,3,4,18,23,24,59.11
Junior,DevOps Engineer,28,5,2,4,9,20,24,40.59
Senior,Data Analyst,43,20,3,3,18,16,30,53.86
Junior,Data Analyst,44,7,5,2,8,21,28,43.99
Trainee,System Administrator,21,-1,3,4,3,35,19,32.09
Senior,Data Analyst,43,27,4,4,11,15,30,58.38
Senior,Business Analyst,40,20,5,4,21,0,30,57.96
Senior,DevOps Engineer,39,30,4,4,24,9,31,67.43
Trainee,Data Analyst,24,3,4,2,0,7,5,18.17
Senior,DevOps Engineer,37,33,3,5,20,33,41,73.13
Senior,Data Scientist,37,22,5,4,24,15,15,68.08
Senior,Data Scientist,47,24,2,2,16,13,40,59.3
Junior,DevOps Engineer,44,10,4,1,6,35,22,44.62
Junior,QA Tester,28,7,3,2,9,38,25,46.89
Junior,QA Tester,32,7,2,2,12,17,12,39.34
Junior,QA Tester,42,6,3,1,10,25,14,42.81
Trainee,UX Designer,25,2,3,1,7,18,6,24.22
Trainee,UX Designer,25,3,2,1,0,40,5,22.88
Junior,Data Analyst,28,4,5,3,6,19,38,42.88
Junior,System Administrator,39,6,3,3,5,33,29,44.1
Trainee,DevOps Engineer,18,1,1,3,0,30,27,24.75
Trainee,Database Administrator,35,-1,2,2,0,22,12,20.33
Trainee,Data Scientist,25,3,3,1,3,11,8,23.48
Trainee,Data Scientist,28,0,2,1,3,43,12,27.73
Junior,Business Analyst,25,4,1,3,7,13,13,22.98
Junior,Data Scientist,27,3,3,3,2,28,31,43.19
Junior,System Administrator,29,3,1,2,10,26,19,30.81
Junior,System Administrator,33,7,5,1,5,27,17,38.99
Senior,UX Designer,50,27,3,4,12,22,25,64.38
Trainee,Business Analyst,22,2,4,2,4,41,13,25.84
Trainee,Business Analyst,28,2,2,3,6,39,11,24.63
Trainee,Business Analyst,34,2,4,2,7,18,10,24.99
Senior,Database Administrator,46,23,4,2,17,23,22,56.26
Senior,System Administrator,35,22,4,5,17,14,37,64.77
Junior,System Administrator,42,9,2,2,7,38,29,42.01
Trainee,Business Analyst,33,-2,1,3,5,54,16,25.51
Junior,QA Tester,34,5,3,2,10,29,23,46.07
Senior,Business Analyst,51,20,4,5,15,22,25,61.46
Senior,Data Scientist,53,15,5,4,21,34,18,73.26
Senior,Data Analyst,35,32,4,4,18,20,34,62.61
Senior,Data Analyst,50,34,4,2,21,37,24,63.68
Junior,QA Tester,25,9,3,2,8,51,19,47.5
Junior,Data Analyst,32,5,4,4,0,6,18,34.63
Trainee,Business Analyst,29,5,2,2,5,32,12,21.41
Trainee,Data Analyst,28,4,3,3,5,34,16,29.3
Senior,DevOps Engineer,43,25,5,5,8,7,20,63.07
Junior,Data Scientist,40,6,3,1,6,9,15,36.2
Trainee,Data Analyst,22,6,2,2,0,39,7,19.69
Junior,Data Analyst,47,7,4,1,4,35,35,41.81
Trainee,Business Analyst,28,0,2,3,3,25,10,19.78
Junior,Business Analyst,29,8,3,5,0,17,8,33.02
Trainee,System Administrator,31,-1,3,2,3,35,5,25.84
Senior,Business Analyst,46,28,5,5,15,39,18,67
Trainee,Data Scientist,23,4,4,1,2,17,9,27.02
Senior,Business Analyst,52,18,5,5,13,42,20,65.82
Junior,Business Analyst,37,7,3,3,6,30,17,36.24
Junior,Business Analyst,35,5,4,1,2,44,17,33.52
Senior,Data Scientist,57,32,3,3,18,30,38,73.37
Junior,System Administrator,33,3,3,5,7,20,24,44.46
Senior,Database Administrator,38,35,3,4,15,16,17,57.18
Senior,Data Scientist,43,27,4,3,11,36,26,66.8
Junior,UX Designer,42,12,1,3,16,20,11,42.14
Senior,Database Administrator,46,20,3,5,18,13,27,60.51
Trainee,Business Analyst,30,-1,1,1,4,37,17,16.08
Trainee,Data Scientist,24,4,1,2,8,22,16,26.82
Trainee,Business Analyst,35,1,3,4,0,35,12,28.63
Junior,DevOps Engineer,39,7,5,2,3,38,13,45.29
Junior,Data Analyst,36,10,3,2,10,38,30,41.82
Junior,System Administrator,43,7,2,3,4,19,31,39.99
Junior,UX Designer,29,10,5,4,9,8,17,48.38
Junior,UX Designer,45,4,2,5,4,18,22,46.1
Junior,Data Analyst,40,9,5,1,5,16,18,36.29
Senior,Business Analyst,57,22,3,4,8,22,42,58.95
Senior,DevOps Engineer,56,32,4,4,21,44,10,73.18
Senior,Business Analyst,37,22,3,5,16,26,18,55.3
Trainee,Data Scientist,24,1,2,1,1,35,5,23.04
Junior,Business Analyst,33,10,3,1,5,7,13,24.77
Junior,Database Administrator,27,8,3,4,2,31,28,41.03
Junior,UX Designer,37,3,5,3,7,26,34,52.05
Senior,System Administrator,40,20,3,5,18,35,32,65.98
Trainee,Data Analyst,25,4,3,1,3,23,15,19.8
Trainee,Data Scientist,24,5,1,2,3,30,16,26.55
Junior,System Administrator,45,2,5,3,14,30,15,49.99
Junior,Data Analyst,38,9,4,3,7,22,32,43.69
Trainee,Database Administrator,22,6,4,4,0,27,15,31.85
Senior,System Administrator,48,28,5,2,20,18,31,64.88
Senior,UX Designer,59,28,3,3,17,0,14,59.41
Junior,DevOps Engineer,41,5,3,2,5,23,28,40.97
Senior,System Administrator,48,27,4,5,20,18,32,70.33
Junior,Database Administrator,43,9,2,4,13,38,23,47.3
Junior,Database Administrator,39,6,5,3,13,31,27,50.6
Senior,Data Analyst,46,22,5,4,12,8,30,59.51
Trainee,QA Tester,37,4,2,2,0,35,14,33.25
Junior,Data Scientist,41,1,3,5,7,29,20,51.48
Trainee,DevOps Engineer,31,0,3,4,7,36,7,35.61
Senior,Business Analyst,43,17,3,4,16,37,41,59.99
Trainee,Business Analyst,26,2,2,3,0,24,10,18.48
Junior,Business Analyst,27,13,5,5,10,33,18,49.06
Senior,QA Tester,54,35,3,4,18,5,22,69.38
Senior,Data Analyst,45,20,3,5,20,11,26,58.87
Trainee,Business Analyst,21,4,1,1,0,38,18,14.04
Trainee,DevOps Engineer,28,4,3,2,6,39,11,31.56
Junior,System Administrator,33,7,5,5,14,19,28,54.82
Trainee,Database Administrator,31,3,1,1,7,20,5,15.79
Senior,Database Administrator,51,31,4,4,19,41,28,71.12
Trainee,Business Analyst,21,2,2,1,0,19,13,11.4
Junior,UX Designer,31,12,1,2,11,24,31,39.85
Trainee,UX Designer,32,3,1,1,0,40,9,22.73
Junior,DevOps Engineer,23,8,3,4,8,16,27,42.54
Junior,DevOps Engineer,40,5,3,4,3,24,26,45.21
Senior,Database Administrator,56,30,5,2,11,38,37,67.49
Senior,Data Analyst,60,33,5,5,20,28,25,75.08
Senior,Business Analyst,50,33,4,4,15,12,27,60.76
Senior,Data Analyst,36,14,4,2,19,0,42,50.35
Junior,System Administrator,27,5,1,4,11,44,33,43.52
Junior,System Administrator,23,8,3,2,2,12,11,28.46
Junior,UX Designer,34,4,4,3,10,32,37,51.95
Senior,System Administrator,41,25,4,5,21,0,40,66.75
Senior,Data Analyst,56,26,3,4,16,15,44,63.86
Senior,Data Analyst,40,28,5,5,25,17,43,72.59
Senior,Database Administrator,54,31,3,4,13,31,28,64.69
Trainee,Data Analyst,37,5,2,2,7,37,27,30.19
Trainee,Business Analyst,26,2,3,3,3,20,25,25.13
Trainee,Database Administrator,24,1,1,1,6,36,9,17.09
Senior,System Administrator,40,22,4,4,12,17,32,60.61
Trainee,System Administrator,33,6,1,2,4,23,3,20.47
Junior,QA Tester,34,9,3,4,9,31,21,52.3
Junior,Data Analyst,32,10,2,5,5,11,8,34.12
Senior,Data Scientist,47,27,3,5,21,27,22,72
Senior,UX Designer,58,19,5,4,24,6,36,73.92
Senior,Database Administrator,46,17,5,4,16,23,44,67.44
Trainee,DevOps Engineer,34,-1,2,3,0,19,7,24.29
Trainee,Business Analyst,31,0,2,1,7,39,16,20.76
Trainee,Business Analyst,26,2,1,2,9,46,7,20.27
Senior,UX Designer,45,36,2,4,20,23,34,68.52
Senior,UX Designer,50,21,4,3,17,36,39,70.56
Junior,System Administrator,28,4,3,2,9,41,23,39.89
Trainee,UX Designer,31,0,4,2,6,41,23,38.6
Junior,Business Analyst,38,1,1,4,5,21,16,29.58
Junior,System Administrator,30,7,3,1,9,28,31,37.69
Trainee,DevOps Engineer,34,3,4,2,1,26,21,33.23
Trainee,Data Analyst,34,2,2,1,3,40,13,21.57
Trainee,UX Designer,30,-2,3,1,3,27,10,25.29
Junior,Data Scientist,36,3,3,4,12,29,27,51.73
Junior,QA Tester,43,10,3,4,2,30,26,52.97
Junior,Business Analyst,46,8,3,2,17,29,20,41.03
Trainee,Database Administrator,34,5,1,1,7,20,25,21.69
Trainee,Business Analyst,22,4,2,4,10,38,9,27.41
Senior,Data Analyst,54,27,2,5,16,36,23,63
Junior,DevOps Engineer,41,6,3,3,2,49,5,42.62
Junior,DevOps Engineer,36,5,2,4,12,41,24,47.99
Senior,QA Tester,55,18,5,5,21,0,14,71.48
Senior,Business Analyst,46,28,3,4,12,37,18,57.11
Trainee,Data Scientist,22,3,3,2,1,17,16,27.67
Senior,Data Analyst,55,29,2,5,7,17,22,56.21
Senior,QA Tester,49,19,5,4,18,11,42,74.67
Senior,Data Scientist,50,17,4,3,24,8,47,70.29
Trainee,Business Analyst,25,4,2,3,1,15,7,16.74
Senior,UX Designer,42,31,5,5,14,23,38,75.83
Trainee,Data Analyst,29,4,2,3,2,32,6,22.9
Senior,Database Administrator,44,29,4,4,25,36,39,72.7
Junior,DevOps Engineer,38,2,3,5,10,21,24,48.42
Senior,UX Designer,39,19,3,4,15,17,34,61.6
Trainee,DevOps Engineer,27,2,1,2,6,23,18,23.63
Trainee,QA Tester,25,-1,1,3,1,39,17,30.61
Senior,Database Administrator,44,13,4,3,12,35,31,57.94
Trainee,Database Administrator,29,-2,3,4,7,24,9,29.45
Trainee,Business Analyst,25,0,3,3,2,10,16,19.84
Junior,Data Scientist,38,8,5,4,1,43,34,58.99
Junior,Data Scientist,28,8,5,3,7,22,32,51.59
Junior,DevOps Engineer,46,2,3,4,6,34,20,47.71
Trainee,DevOps Engineer,19,4,1,1,4,52,8,21.96
Junior,Data Analyst,42,4,2,3,0,38,8,32.5
Senior,System Administrator,50,19,5,4,18,18,30,67.25
Trainee,Data Analyst,33,3,2,1,3,22,17,19.04
Trainee,Business Analyst,35,4,1,3,5,53,27,30.08
Senior,Business Analyst,44,29,3,4,8,34,33,58.04
Senior,UX Designer,53,19,3,2,14,24,23,58.02
Senior,Data Analyst,41,24,2,5,15,33,28,58.96
Senior,UX Designer,40,31,5,4,13,28,17,68.31
Senior,System Administrator,41,28,3,4,13,15,14,55.83
Senior,Data Analyst,53,16,3,3,21,21,22,55.68
Trainee,QA Tester,24,1,3,1,6,49,16,34.71
Senior,Business Analyst,41,20,5,5,14,1,34,59.26
Senior,Database Administrator,34,21,3,2,17,30,42,55.79
Senior,DevOps Engineer,52,26,5,3,16,32,19,68.05
Senior,Business Analyst,49,23,4,4,12,28,27,59.4
Senior,Data Analyst,58,17,3,3,20,11,26,55.74
Senior,Business Analyst,46,25,2,5,15,33,18,56.66
Senior,Data Analyst,40,29,2,3,23,28,19,54.88
Trainee,Business Analyst,24,0,2,1,3,13,3,9.35
Senior,DevOps Engineer,56,23,5,2,10,10,25,60.03
Senior,DevOps Engineer,59,15,3,3,19,39,39,68.2
Trainee,QA Tester,22,1,1,1,0,29,12,21.37
Senior,Data Analyst,55,32,5,3,22,16,32,68.04
Junior,Database Administrator,35,2,2,3,9,16,7,30.98
Trainee,QA Tester,33,3,2,4,0,27,2,33.22
Senior,System Administrator,60,26,4,3,21,31,26,69.1
Senior,DevOps Engineer,42,28,3,4,15,30,37,66.63
Trainee,UX Designer,34,5,3,2,4,23,19,32.83
Trainee,DevOps Engineer,29,3,2,1,7,24,16,24.56
Senior,DevOps Engineer,46,22,5,3,11,9,11,57
Senior,DevOps Engineer,52,22,5,5,21,13,36,74.62
Trainee,Business Analyst,25,-1,3,3,0,28,6,19.95
Trainee,Business Analyst,21,2,1,1,3,45,8,13.73
Senior,System Administrator,51,18,3,3,16,34,21,59.17
Trainee,UX Designer,29,3,1,4,3,31,25,33.41
Junior,Database Administrator,27,6,3,2,2,45,25,36.92
Junior,Data Scientist,28,5,3,4,10,27,8,44.72
Trainee,DevOps Engineer,29,-1,1,2,2,48,11,24.88
Trainee,Database Administrator,31,2,1,1,1,19,25,17.45
Trainee,Business Analyst,32,3,3,1,2,48,1,20.94
Trainee,System Administrator,27,3,2,4,5,17,21,29.73
Senior,Data Analyst,56,34,4,4,13,20,25,64.43
Junior,System Administrator,38,8,3,3,5,19,34,42.87
Trainee,Database Administrator,28,3,1,1,0,25,15,15.41
Trainee,Data Scientist,22,1,1,2,7,37,14,27.45
Senior,Business Analyst,56,35,3,5,14,14,40,65.72
Junior,Database Administrator,31,11,5,2,10,40,19,45.89
Junior,System Administrator,31,6,3,3,8,4,24,36.56
Trainee,Data Scientist,22,3,3,1,8,53,20,35.7
Junior,Data Analyst,39,7,1,4,0,34,17,33.93
Junior,UX Designer,39,5,4,3,12,23,18,48.22
Trainee,Data Analyst,33,1,2,3,7,34,20,28.64
Senior,Business Analyst,47,25,2,5,19,35,31,61.9
Trainee,Data Analyst,22,0,2,1,10,30,21,20.64
Junior,Data Analyst,28,10,4,2,7,21,32,38.53
Junior,Database Administrator,43,11,2,2,10,29,21,38.9
Trainee,QA Tester,28,2,2,3,8,12,18,32.9
Trainee,Business Analyst,35,1,1,4,7,23,24,26.27
Senior,Database Administrator,41,29,4,5,11,18,25,62.3
Junior,DevOps Engineer,29,3,2,2,3,37,27,36.23
Senior,DevOps Engineer,57,22,5,5,11,13,23,68.87
Junior,DevOps Engineer,33,5,2,5,9,17,34,46.36
Trainee,Data Scientist,33,6,2,3,5,36,22,38.06
Junior,System Administrator,41,7,5,2,10,52,27,52.98
Junior,System Administrator,33,8,1,4,3,16,22,34.73
Junior,System Administrator,28,6,5,4,17,21,19,50
Senior,DevOps Engineer,49,15,4,4,19,19,43,68.24
Senior,Database Administrator,40,35,4,4,18,34,45,71.54
Trainee,Data Scientist,35,3,3,2,2,28,4,30.77
Trainee,Data Analyst,26,5,1,1,0,21,21,14.46
Junior,QA Tester,35,6,2,2,13,13,39,45.58
Senior,Data Analyst,41,33,3,2,21,20,27,55.74
Trainee,DevOps Engineer,24,4,2,4,2,21,10,27.87
Senior,Database Administrator,42,33,2,4,15,23,42,61.9
Junior,System Administrator,36,7,1,3,9,39,22,39.34
Senior,DevOps Engineer,45,25,5,4,14,45,42,75.68
Trainee,Business Analyst,26,3,2,1,2,40,22,19.86
Senior,Database Administrator,43,27,3,3,26,44,32,66.71
Trainee,QA Tester,32,2,1,1,8,28,19,28.88
Senior,UX Designer,50,26,4,4,21,29,15,69.64
Junior,System Administrator,29,5,1,5,7,20,17,36.86
Senior,Business Analyst,37,19,3,4,19,24,24,53.91
Senior,Database Administrator,49,15,5,4,26,12,24,65.05
Trainee,UX Designer,20,4,1,1,0,38,20,22.13
Trainee,System Administrator,19,5,1,3,1,46,8,23.79
Senior,UX Designer,57,23,3,5,18,30,25,71.81
Junior,Data Analyst,29,5,4,3,7,34,27,41.48
Senior,Business Analyst,58,27,5,4,12,33,32,67.72
Trainee,Data Scientist,22,2,2,4,0,30,26,34.52
Junior,Data Analyst,27,11,3,3,4,21,11,32.58
Junior,DevOps Engineer,41,11,3,5,5,27,23,50.73
Senior,Database Administrator,40,30,5,4,16,24,22,64.85
Junior,UX Designer,39,4,2,2,7,38,29,42.94
Junior,System Administrator,43,12,3,5,14,27,21,53.15
Senior,System Administrator,40,27,3,5,13,25,17,60.67
Junior,UX Designer,32,8,2,3,1,34,25,40.94
Trainee,Business Analyst,23,3,1,2,4,22,11,13.89
Junior,Business Analyst,31,6,5,4,7,39,27,47.26
Senior,DevOps Engineer,42,28,2,4,10,35,28,60.66
Trainee,Database Administrator,26,1,3,2,5,28,8,23.75
Junior,System Administrator,33,7,2,3,6,37,24,40.17
Trainee,Database Administrator,25,4,2,4,4,28,19,29.18
Junior,Data Scientist,31,5,4,3,3,21,23,44.82
Junior,Data Analyst,40,11,2,3,9,25,12,36.15
Senior,System Administrator,37,20,4,3,19,22,37,61.53
Trainee,Data Scientist,27,5,1,3,1,30,9,27.73
Trainee,Database Administrator,35,0,2,2,4,22,18,23.61
Trainee,Database Administrator,23,5,4,3,2,47,13,33.32
Senior,Data Analyst,49,34,3,5,11,11,44,64.34
Senior,Business Analyst,40,14,4,4,21,15,34,57.27
Senior,Data Scientist,55,27,4,4,15,9,27,69.21
Trainee,DevOps Engineer,25,2,2,1,6,49,4,24.94
Senior,Data Analyst,57,26,4,3,15,16,41,63.17
Senior,UX Designer,50,25,2,2,17,19,21,56.01
Senior,DevOps Engineer,39,25,2,3,10,4,36,52
Trainee,Database Administrator,28,6,2,3,7,13,16,25.38
Senior,Database Administrator,57,23,4,3,21,24,40,67.73
Trainee,DevOps Engineer,32,-1,1,2,4,20,22,23.48
Junior,Business Analyst,41,6,5,4,8,10,20,42.96
Trainee,DevOps Engineer,33,5,2,1,1,29,26,26.95
Senior,Data Scientist,42,22,2,5,25,32,32,71.37
Junior,Data Scientist,39,5,3,2,15,19,27,46.74
Junior,Data Scientist,37,11,3,3,15,7,28,48.66
Senior,Business Analyst,53,23,5,3,14,30,28,61.89
Senior,Data Scientist,57,18,4,4,19,33,18,71.31
Junior,Data Analyst,29,4,4,3,6,29,17,37.55
Senior,System Administrator,49,32,5,3,12,24,32,67.17
Junior,System Administrator,32,8,5,2,12,15,30,45.34
Junior,System Administrator,24,2,4,3,5,39,30,43.35
Senior,Data Analyst,39,18,3,3,20,38,22,55.57
Trainee,Data Scientist,31,0,3,4,2,17,29,38.04
Senior,Database Administrator,34,18,4,4,20,6,35,58.2
Trainee,Business Analyst,20,3,3,1,7,43,21,23.51
Junior,Database Administrator,34,12,5,5,9,40,12,53.35
Junior,Data Scientist,29,6,3,2,4,17,32,40.74
Junior,Data Scientist,25,2,3,5,4,39,32,51.23
Trainee,Business Analyst,21,-2,2,1,7,19,3,10.83
Senior,Database Administrator,48,27,5,3,20,19,34,66.64
Senior,Business Analyst,46,14,5,2,19,0,35,52.46
Trainee,QA Tester,27,1,1,2,9,25,5,26.73
Junior,Data Analyst,29,3,4,2,9,19,19,34.21
Senior,System Administrator,44,25,4,5,23,34,26,71.78
Trainee,System Administrator,34,0,2,4,0,31,20,31.05
Senior,Business Analyst,37,30,5,5,17,36,16,65.09
Junior,DevOps Engineer,34,1,3,1,14,28,30,40.43
Junior,Business Analyst,37,5,3,2,2,15,27,30.65
Junior,DevOps Engineer,47,6,3,4,12,49,18,54.03
Junior,Business Analyst,33,5,4,4,8,37,24,43.97
Trainee,Business Analyst,35,1,1,4,9,23,9,23.71
Trainee,QA Tester,31,-1,3,1,5,25,18,31.21
Trainee,System Administrator,26,1,3,3,1,32,15,28.86
Senior,Data Analyst,38,27,2,4,14,27,33,55.81
Trainee,UX Designer,27,3,4,1,7,30,29,35.32
Senior,Business Analyst,50,21,4,5,14,20,44,64.98
Junior,UX Designer,40,10,3,3,11,42,25,52.06
Junior,Data Scientist,42,5,2,3,9,20,27,45.26
Senior,Database Administrator,43,22,2,4,23,20,37,60.51
Senior,UX Designer,56,27,5,4,25,15,18,73.83
Trainee,System Administrator,34,1,4,4,9,46,13,41.92
Senior,QA Tester,38,23,4,5,18,17,34,72.42
Senior,Data Scientist,47,24,3,3,15,10,14,58.01
Senior,Data Scientist,45,21,5,2,17,37,21,67.07
Junior,UX Designer,40,4,5,1,9,48,11,47.48
Trainee,Business Analyst,31,2,2,1,3,49,26,23.92
Trainee,System Administrator,34,0,2,1,4,13,11,18.86
Senior,QA Tester,52,32,5,5,22,26,26,82.96
Senior,Data Analyst,47,19,3,3,8,33,20,51.57
Junior,UX Designer,34,6,3,2,1,21,22,37.69
Trainee,QA Tester,25,1,2,3,6,40,26,38.24
Senior,System Administrator,50,25,5,5,10,17,22,66.49
Senior,Business Analyst,37,18,5,4,8,24,26,55.02
Senior,UX Designer,32,30,5,3,12,33,38,68.56
Senior,QA Tester,34,31,5,5,12,39,38,79.32
Trainee,Data Scientist,32,0,2,1,1,48,10,28.42
Junior,Business Analyst,34,10,2,4,1,26,25,35.37
Junior,UX Designer,45,11,1,3,9,43,14,44.9
Junior,Data Analyst,28,2,4,2,5,39,33,39.08
Junior,Business Analyst,24,5,4,4,9,15,26,38.29
Senior,Database Administrator,43,26,5,5,14,28,35,70.15
Trainee,Database Administrator,25,4,4,1,0,18,26,24.46
Senior,Data Scientist,39,32,3,5,11,30,33,70.38
Senior,DevOps Engineer,39,31,5,3,8,12,26,60.61
Junior,Data Analyst,30,8,4,2,15,10,5,33.46
Senior,Data Analyst,37,16,4,3,25,16,16,53.7
Junior,DevOps Engineer,47,4,3,3,5,32,12,43.15
Trainee,Data Analyst,25,0,2,2,0,35,16,19.97
Trainee,Data Scientist,32,3,3,2,4,44,13,36
Senior,Business Analyst,45,23,5,5,12,24,33,64.51
Junior,System Administrator,44,2,2,4,12,34,16,44.33
Junior,Business Analyst,23,7,3,2,3,19,34,30.44
Senior,DevOps Engineer,50,31,4,2,21,10,23,62.06
Senior,DevOps Engineer,39,20,3,2,12,35,44,59.27
Trainee,Business Analyst,34,2,1,2,7,32,14,20.29
Senior,Business Analyst,53,20,3,4,27,19,25,60.74
Senior,Business Analyst,51,15,5,2,23,33,37,62.62
Senior,UX Designer,35,32,4,5,12,29,39,72.12
Junior,DevOps Engineer,43,7,5,1,1,35,31,46.18
Trainee,Business Analyst,26,2,2,2,4,16,19,17.84
Junior,Data Scientist,38,10,4,3,9,39,28,55.18
Senior,Business Analyst,48,30,5,2,24,45,29,67.18
Trainee,DevOps Engineer,31,6,1,1,3,42,11,23.88
Senior,QA Tester,42,18,2,4,20,5,41,63.72
Junior,Data Scientist,32,5,5,3,12,47,27,57.58
Senior,System Administrator,43,36,2,5,18,26,38,68.31
Senior,Data Scientist,59,31,5,5,12,6,17,72.84
Senior,Business Analyst,43,29,5,5,27,28,33,72.74
Trainee,UX Designer,25,2,3,1,2,34,7,25.48
Senior,DevOps Engineer,54,30,4,2,17,37,33,68.7
Trainee,Database Administrator,29,4,1,3,3,16,10,19.84
Junior,Business Analyst,32,4,3,2,4,15,17,27.65
Junior,Business Analyst,36,11,4,4,5,23,28,43.42
Trainee,QA Tester,34,4,3,2,8,21,10,34.94
Junior,Database Administrator,42,12,4,4,6,29,30,50.47
Junior,Business Analyst,35,8,3,2,7,28,15,32.81
Senior,DevOps Engineer,45,32,4,4,17,31,22,68.92
Senior,Business Analyst,32,20,5,2,14,28,29,52.8
Junior,Data Analyst,33,5,2,3,10,28,30,37.71
Senior,System Administrator,41,17,2,4,14,12,21,51.24
Trainee,Business Analyst,31,1,1,1,3,36,26,18.32
Trainee,Database Administrator,19,2,1,2,0,29,18,17.13
Senior,UX Designer,37,29,5,5,10,25,31,71.19
Junior,System Administrator,30,6,5,2,9,13,18,39.87
Trainee,Data Analyst,29,1,1,4,4,29,6,22.23
Senior,DevOps Engineer,40,21,3,4,12,10,28,56.84
Trainee,UX Designer,22,2,1,3,5,24,15,25.86
Junior,System Administrator,43,8,3,1,7,33,16,38.1
Junior,Business Analyst,43,12,3,3,16,32,13,42.8
Junior,UX Designer,31,9,4,2,7,20,16,41.53
Junior,DevOps Engineer,23,7,3,3,5,28,20,39
Trainee,Data Analyst,31,0,3,3,3,19,8,23.29
Senior,QA Tester,52,16,4,4,18,7,17,65.37
Junior,Business Analyst,35,2,3,1,4,10,12,22.93
Junior,System Administrator,29,8,3,4,8,10,25,40.77
Junior,Data Analyst,28,8,2,3,11,27,24,36.18
Junior,Data Scientist,40,9,4,1,6,12,29,43.55
Trainee,Business Analyst,28,2,3,1,5,28,10,19.08
Junior,Data Analyst,32,7,1,5,12,12,8,33.56
Trainee,DevOps Engineer,35,-1,2,3,0,9,5,22.2
Junior,Database Administrator,40,11,1,2,8,23,32,35.89
Trainee,Data Scientist,18,-1,1,4,5,22,19,28.84
Senior,QA Tester,61,15,3,3,18,30,25,68.12
Junior,Data Scientist,36,4,1,3,9,45,28,45.74
Trainee,DevOps Engineer,29,1,2,1,1,43,26,27.5
Junior,QA Tester,40,6,3,4,2,42,13,50.36
Trainee,Database Administrator,30,4,2,3,1,43,21,29.86
Senior,Database Administrator,49,27,4,3,22,37,41,70.02
Junior,Database Administrator,32,6,3,5,13,7,32,45.2
Junior,Data Analyst,25,6,5,3,9,41,27,45.69
Senior,Business Analyst,55,23,5,5,9,27,32,66.23
Senior,DevOps Engineer,38,21,3,4,19,8,12,55.21
Junior,UX Designer,29,9,3,1,13,23,16,38.53
Senior,Database Administrator,55,18,3,2,25,37,45,65.47
Trainee,Business Analyst,26,-1,1,2,0,50,11,17.31
Trainee,Business Analyst,34,1,4,2,1,23,3,21.61
Senior,Data Analyst,47,22,3,4,23,23,23,60.12
Trainee,UX Designer,19,3,1,1,7,21,12,19.33
Trainee,Business Analyst,22,6,2,1,6,33,11,17.54
Junior,Data Analyst,28,8,3,3,5,6,8,28.78
Junior,System Administrator,30,6,4,3,7,42,29,47.23
Trainee,Database Administrator,33,3,1,1,5,38,13,20.81
Senior,Business Analyst,51,20,5,4,8,20,26,58.36
Trainee,Data Analyst,19,3,2,4,3,41,29,30.25
Senior,Database Administrator,41,18,3,5,24,26,38,66.12
Junior,System Administrator,43,7,5,3,6,46,27,53.52
Trainee,QA Tester,27,2,1,1,5,23,18,25.18
Senior,Business Analyst,40,18,3,5,14,16,46,58.54
Junior,Business Analyst,42,10,4,3,4,14,25,39.09
Senior,UX Designer,53,19,2,5,18,18,33,66.36
Senior,System Administrator,55,33,4,2,26,26,36,70.48
Junior,Data Analyst,45,5,2,4,10,13,23,39.01
Senior,UX Designer,44,34,4,4,9,23,28,67.33
Senior,Data Scientist,42,14,2,5,17,14,40,64.06
Senior,Database Administrator,33,19,2,4,15,19,26,51.11
Trainee,Data Scientist,28,2,1,2,2,20,10,23.02
Junior,Business Analyst,22,8,5,3,8,14,25,37.89
Trainee,Data Scientist,30,4,1,1,6,13,15,22.74
Senior,Data Scientist,37,25,5,3,16,19,36,68.44
Trainee,Data Analyst,24,4,3,3,5,42,18,30.29
Junior,DevOps Engineer,27,9,5,3,3,18,24,44.27
Trainee,UX Designer,25,1,4,3,8,21,19,36.14
Senior,Business Analyst,48,28,4,3,24,23,42,65.19
Trainee,Data Scientist,29,1,2,4,5,55,8,38.87
Trainee,Business Analyst,29,5,1,3,3,37,13,21.75
Senior,Business Analyst,40,17,2,2,13,14,39,44.68
Junior,UX Designer,46,4,3,5,4,40,20,52.94
Junior,System Administrator,32,9,4,3,10,22,28,45.67
Senior,QA Tester,55,34,5,3,23,2,40,77.64
Senior,Database Administrator,60,15,3,4,25,26,37,67.55
Senior,Database Administrator,36,17,5,3,26,26,29,63.39
Senior,Data Scientist,52,25,5,3,14,14,16,65.89
Junior,QA Tester,39,6,3,4,9,16,29,51.61
Trainee,Business Analyst,33,0,4,3,9,39,22,34.53
Junior,System Administrator,41,9,1,1,6,29,29,34.09
Junior,Business Analyst,25,1,4,4,5,17,27,36.39
Junior,Data Scientist,42,10,3,3,9,21,13,46.46
Junior,Data Analyst,30,3,2,1,17,17,28,31.06
Trainee,Data Scientist,22,1,1,1,0,22,28,22.09
Junior,Database Administrator,44,7,3,5,8,19,20,46.17
Senior,Business Analyst,52,31,3,5,17,38,46,70.84
Junior,QA Tester,36,11,1,3,14,28,23,47.02
Senior,Database Administrator,37,25,4,5,13,36,28,65.11
Senior,UX Designer,55,34,4,3,19,33,39,75.95
Junior,QA Tester,35,8,3,2,10,3,27,43.01
Junior,Business Analyst,29,12,5,3,11,16,31,43.81
Trainee,QA Tester,21,1,1,2,9,30,8,26.9
Trainee,Business Analyst,28,2,2,1,4,16,17,15.1
Junior,QA Tester,36,4,4,4,4,19,21,49.75
Senior,Database Administrator,39,23,3,4,21,6,32,57.83
Junior,QA Tester,30,9,2,3,1,23,39,44.95
Senior,Business Analyst,55,25,5,4,20,25,27,66.99
Senior,UX Designer,37,23,5,3,14,27,34,66.53
Senior,DevOps Engineer,44,36,5,4,11,27,37,72.79
Senior,Data Analyst,55,29,5,4,22,0,21,64.35
Senior,UX Designer,45,13,4,4,13,5,29,59.77
Junior,UX Designer,31,10,4,3,13,32,7,47.39
Senior,Data Analyst,51,31,5,4,17,22,22,66.44
Junior,Database Administrator,45,10,5,2,1,22,11,40.18
Trainee,Data Scientist,31,3,1,3,5,30,20,32.31
Trainee,Data Analyst,28,1,1,1,6,42,3,16.29
Trainee,UX Designer,33,2,2,3,7,23,9,30.62
Senior,Data Scientist,42,29,4,4,17,22,21,68.5
Trainee,Business Analyst,21,4,1,3,3,20,9,15.26
Junior,Data Analyst,31,6,2,3,11,29,18,35.32
Junior,Data Analyst,28,12,4,3,12,27,37,46.27
Junior,QA Tester,38,5,3,3,16,48,22,55.78
Trainee,DevOps Engineer,29,4,2,2,4,24,25,28.4
Senior,Business Analyst,51,24,5,5,11,6,13,57.92
Senior,System Administrator,51,32,3,5,17,34,17,68.3
Trainee,Business Analyst,31,3,1,2,2,27,9,15.66
Junior,Business Analyst,34,9,1,3,11,33,19,33.59
Junior,System Administrator,27,7,1,2,12,23,28,33.81
Junior,Data Scientist,38,11,3,3,12,34,10,48.85
Senior,QA Tester,50,29,5,4,18,21,19,74.58
Senior,Data Analyst,42,19,2,3,19,0,32,48.35
Trainee,DevOps Engineer,28,2,1,2,1,18,20,21.32
Senior,DevOps Engineer,50,19,5,2,14,41,42,68.88
Senior,UX Designer,55,15,4,4,20,46,37,75.65
Trainee,Data Scientist,32,0,1,3,0,46,6,29.54
Junior,Business Analyst,31,7,5,1,12,48,22,41.87
Senior,Business Analyst,37,19,3,4,15,12,39,53.25
Trainee,DevOps Engineer,33,-1,1,2,1,22,21,22.66
Junior,Database Administrator,23,12,4,2,13,43,29,45.49
Junior,Data Scientist,42,6,5,4,16,43,24,63.31
Trainee,Data Analyst,20,1,1,1,0,33,24,14.87
Junior,Data Analyst,29,9,3,2,10,41,10,35.84
Junior,Business Analyst,43,5,3,5,2,26,21,41.19
Senior,Database Administrator,43,30,4,5,14,0,34,62.84
Trainee,DevOps Engineer,27,5,3,2,0,26,19,28.4
Trainee,Data Analyst,21,3,3,2,7,27,20,24.78
Junior,Database Administrator,33,9,4,4,5,23,23,44.19
Senior,Data Scientist,58,24,2,4,10,15,28,62.84
Trainee,Data Analyst,34,6,3,3,6,37,13,31.71
Senior,System Administrator,53,21,5,5,11,24,33,70.36
Junior,Data Analyst,39,3,2,2,3,8,7,23.88
Junior,QA Tester,26,11,3,4,14,41,8,51.93
Senior,System Administrator,50,32,5,2,23,42,37,73.84
Trainee,Data Analyst,27,1,1,2,1,30,24,19.22
Trainee,UX Designer,37,2,2,3,0,19,24,31.36
Senior,DevOps Engineer,47,30,4,5,20,31,13,70.84
Junior,DevOps Engineer,41,8,2,2,14,35,14,41.98
Senior,DevOps Engineer,51,22,3,3,21,43,41,70.26
Senior,Business Analyst,53,30,5,4,17,34,22,67.4
Trainee,Data Scientist,25,3,2,1,3,46,24,31.21
Junior,System Administrator,40,7,4,3,9,7,11,39.98
Trainee,Database Administrator,31,0,3,3,2,52,16,32.77
Senior,Data Analyst,35,30,5,4,25,12,34,66.15
Trainee,Business Analyst,23,1,4,2,8,34,1,23.42
Trainee,DevOps Engineer,24,3,1,2,0,49,16,25.3
Senior,UX Designer,47,20,4,2,8,24,34,59.62
Junior,Business Analyst,34,9,1,3,2,17,22,27.46
Senior,DevOps Engineer,49,15,5,5,12,36,37,72.87
Trainee,QA Tester,22,1,2,3,6,43,20,36.76
Senior,DevOps Engineer,54,17,4,4,12,34,29,66.87
Junior,System Administrator,30,6,3,5,12,31,29,49.94
Senior,QA Tester,55,30,4,5,20,39,31,83.19
Junior,System Administrator,43,9,4,3,4,19,11,41.56
Junior,System Administrator,38,3,1,5,8,32,15,40.9
Senior,Data Analyst,34,18,5,4,21,5,47,62.27
Senior,DevOps Engineer,45,22,5,4,10,8,25,62.12
Junior,Business Analyst,31,7,1,2,13,26,27,30.82
Junior,DevOps Engineer,36,6,3,2,13,31,30,45.32
Senior,Data Scientist,54,16,3,5,16,46,23,72.37
Senior,Data Analyst,54,23,5,2,27,25,20,63.49
Senior,Data Scientist,43,25,3,4,8,21,40,65.2
Trainee,Business Analyst,26,2,2,1,10,44,18,22.79
Trainee,UX Designer,26,5,1,2,7,40,10,27.74
Senior,DevOps Engineer,42,18,4,4,18,40,41,70.51
Junior,Business Analyst,41,5,3,5,6,24,31,44.27
Senior,Data Analyst,47,17,2,5,12,2,24,50.24
Junior,Data Analyst,23,10,3,5,9,13,12,37.57
Senior,Business Analyst,59,27,5,5,25,24,37,75.48
Senior,System Administrator,42,28,2,3,11,33,19,54.33
Senior,Database Administrator,40,17,5,3,17,38,16,60.1
Senior,Business Analyst,55,33,4,2,26,8,38,62.72
Trainee,Database Administrator,23,1,2,2,0,13,12,16.11
Junior,Data Analyst,26,7,3,2,3,24,9,28.09
Senior,Data Analyst,40,25,3,4,23,42,16,61.36
Junior,UX Designer,30,3,2,4,5,7,25,38.15
Trainee,Business Analyst,33,1,1,3,6,28,19,22.5
Senior,Business Analyst,40,18,4,4,16,23,16,53.9
Trainee,System Administrator,36,1,3,2,4,41,24,33.56
Senior,System Administrator,37,30,4,5,12,19,41,67.39
Trainee,Data Scientist,26,3,1,2,5,41,17,29.71
Junior,System Administrator,38,12,4,3,12,14,37,49.36
Trainee,Data Analyst,36,2,3,1,8,16,16,22.91
Trainee,Data Analyst,23,4,2,4,6,32,6,25.77
Trainee,UX Designer,33,-1,3,2,5,44,21,35.76
Senior,QA Tester,40,21,5,3,21,15,34,70.4
Junior,System Administrator,42,7,2,4,2,27,11,38.74
Senior,UX Designer,47,19,4,4,16,10,19,62.07
Junior,DevOps Engineer,31,11,4,4,12,35,29,54.04
Trainee,Business Analyst,31,2,1,2,4,41,16,20.52
Junior,DevOps Engineer,37,8,2,1,1,6,31,30.98
Junior,Database Administrator,40,8,1,4,4,39,35,42.75
Junior,DevOps Engineer,40,9,3,5,10,32,28,54
Senior,Data Analyst,41,24,5,4,15,31,23,62.94
Senior,DevOps Engineer,39,20,5,4,24,24,31,70.21
Junior,Data Scientist,29,7,4,4,8,49,34,57.71
Trainee,QA Tester,26,1,3,1,2,26,15,28.88
Senior,Data Scientist,56,24,4,4,15,32,22,71.92
Trainee,System Administrator,35,-1,1,1,1,24,25,20.1
Senior,Database Administrator,49,23,5,5,18,38,20,70.97
Senior,DevOps Engineer,56,28,5,3,21,23,14,68.84
Junior,Business Analyst,30,9,1,4,8,26,31,35.52
Trainee,System Administrator,33,3,3,2,4,41,18,32.06
Trainee,Data Scientist,30,2,1,2,0,37,13,26.63
Senior,UX Designer,59,17,4,3,19,29,27,68.47
Junior,DevOps Engineer,41,6,2,5,9,13,12,42.92
Junior,QA Tester,36,13,4,4,13,11,11,52.23
Senior,System Administrator,54,31,4,5,14,44,39,77.2
Senior,Business Analyst,43,18,2,4,16,17,47,54.96
Junior,QA Tester,28,8,4,2,13,12,20,45.47
Junior,QA Tester,46,5,2,2,9,14,21,42.51
Trainee,UX Designer,26,-2,2,2,8,43,18,31.31
Trainee,DevOps Engineer,26,2,2,1,4,20,16,21.45
Junior,System Administrator,38,8,2,2,8,33,30,40.37
Trainee,UX Designer,29,-2,1,2,3,46,12,26.46
Senior,System Administrator,50,16,4,4,21,35,17,65.2
Junior,Data Analyst,22,8,4,5,6,26,35,46.01
Junior,System Administrator,36,6,1,5,13,25,19,42.83
Junior,System Administrator,33,13,3,2,3,45,16,40.44
Trainee,Data Analyst,34,-1,1,1,7,46,27,23.94
Junior,System Administrator,28,12,4,5,14,23,20,51.15
Trainee,Data Analyst,29,1,3,3,0,31,6,23.8
Junior,Business Analyst,40,3,1,5,7,40,21,39.1
Senior,Business Analyst,41,17,5,5,26,19,46,69.5
Senior,Data Analyst,38,34,3,3,18,22,33,58.52
Senior,Business Analyst,47,29,4,4,17,34,42,67.33
Senior,DevOps Engineer,41,33,3,3,20,27,12,60.81
Senior,Database Administrator,36,24,4,4,9,17,36,58.32
Junior,System Administrator,43,10,5,2,12,33,21,50.16
Trainee,Business Analyst,20,0,1,2,5,40,5,14.9
Senior,Data Scientist,45,21,4,5,13,27,24,69.65
Trainee,DevOps Engineer,27,0,2,2,4,36,15,26.86
Junior,Data Analyst,26,5,3,2,8,17,37,34.57
Senior,Business Analyst,49,16,4,5,13,29,29,61.25
Senior,Data Scientist,39,31,3,5,18,3,40,69.35
Junior,System Administrator,36,8,1,2,6,13,34,33.3
Trainee,System Administrator,24,0,4,2,4,54,22,35.15
Trainee,UX Designer,26,-2,3,2,4,18,21,28.17
Senior,Data Analyst,43,33,5,3,11,9,39,60.99
Senior,UX Designer,55,25,3,4,15,35,43,72.96
Junior,Business Analyst,29,7,4,2,8,46,30,41.15
Junior,Business Analyst,25,4,4,4,11,48,9,41.7
Trainee,Data Analyst,23,2,2,1,4,32,7,16.27
Junior,DevOps Engineer,29,11,5,3,7,35,19,49.12
Trainee,DevOps Engineer,21,1,2,1,2,22,3,16.52
Junior,DevOps Engineer,34,8,3,3,7,29,26,44.43
Junior,UX Designer,38,7,1,3,5,7,33,37.63
Junior,Data Analyst,27,7,1,4,11,32,36,39.28
Trainee,DevOps Engineer,18,-2,1,2,6,39,12,21.92
Senior,UX Designer,35,27,4,4,17,19,27,65.27
Trainee,DevOps Engineer,23,0,3,2,0,52,23,31.89
Trainee,Business Analyst,20,1,1,1,7,46,5,14.34
Trainee,DevOps Engineer,20,2,2,2,6,41,8,25.88
Senior,Data Analyst,40,22,5,2,15,29,22,55.96
Junior,UX Designer,34,7,3,3,1,14,10,36.68
Junior,Business Analyst,28,8,4,3,14,18,25,39.78
Trainee,Business Analyst,29,0,2,3,1,26,8,18.95
Junior,System Administrator,40,5,5,3,16,28,20,51.15
Trainee,Business Analyst,31,4,1,2,4,44,25,23.71
Senior,Database Administrator,57,25,4,4,19,6,41,66.99
Trainee,UX Designer,20,0,3,3,4,20,14,28.84
Trainee,Business Analyst,30,-2,2,2,3,35,12,19.38
Junior,Data Analyst,27,11,2,1,6,34,14,28.3
Senior,Data Analyst,55,19,5,3,23,15,37,65.66
Junior,Business Analyst,40,7,4,4,8,20,10,39.82
Senior,Data Analyst,57,30,4,3,20,2,40,63.48
Junior,Data Analyst,25,12,1,5,7,14,29,36.26
Senior,System Administrator,50,26,5,4,16,14,41,70.17
Junior,QA Tester,47,12,4,3,4,45,23,57.65
Trainee,QA Tester,28,6,2,2,2,49,17,35.72
Senior,System Administrator,56,27,3,2,12,32,14,56.63
Junior,Data Scientist,46,7,3,5,13,35,21,58.39
Junior,Database Administrator,29,9,3,1,12,33,18,35.75
Senior,System Administrator,45,17,3,4,16,5,35,57.64
Trainee,Data Analyst,24,2,1,1,5,41,18,18.35
Senior,DevOps Engineer,35,30,4,3,22,45,28,69.16
Senior,Data Analyst,58,25,3,4,12,12,31,58.89
Senior,QA Tester,38,30,3,2,15,20,23,60.21
Junior,Database Administrator,35,7,5,5,4,29,25,50.83
Senior,DevOps Engineer,47,25,3,4,18,32,29,66.74
Junior,QA Tester,26,1,2,5,6,13,22,43.4
Senior,DevOps Engineer,41,31,2,5,9,10,25,58.12
Junior,Data Analyst,37,10,2,2,6,30,38,37.9
Senior,UX Designer,45,17,4,5,19,0,19,63
Trainee,Data Analyst,27,2,3,4,9,10,14,27.77
Junior,Database Administrator,45,9,4,3,4,42,24,47.96
Junior,QA Tester,35,5,1,3,7,39,25,44.68
Junior,DevOps Engineer,37,10,3,4,11,36,36,53.77
Junior,Data Analyst,38,7,1,2,12,30,19,32.66
Trainee,UX Designer,30,0,1,1,5,21,15,21.12
Junior,System Administrator,30,9,3,3,8,5,20,36.5
Trainee,Data Analyst,27,5,3,2,5,26,14,24.49
Senior,Business Analyst,35,29,3,5,12,35,25,58.61
Trainee,Business Analyst,29,1,3,1,6,20,17,19.39
Trainee,Data Scientist,28,4,1,3,8,46,22,36.61
Junior,QA Tester,31,3,3,1,11,20,31,42.44
Trainee,UX Designer,31,2,1,3,10,8,24,29.1
Senior,UX Designer,51,17,2,5,18,22,23,63.76
Junior,Database Administrator,39,7,3,5,7,17,17,43.41
Senior,Data Scientist,32,21,4,2,20,30,23,61.28
Senior,Database Administrator,49,25,2,4,11,13,29,54.79
Senior,QA Tester,42,32,2,5,20,9,41,71.35
Trainee,QA Tester,31,0,3,1,4,18,13,28.68
Trainee,Database Administrator,34,3,1,1,3,38,9,19.36
Junior,Business Analyst,28,9,3,3,6,40,29,39.28
Trainee,Data Scientist,26,4,1,3,0,19,4,23.46
Trainee,Data Scientist,18,5,2,3,3,30,26,32.9
Junior,QA Tester,45,11,2,3,1,19,17,43.59
Senior,Data Analyst,42,20,4,4,19,1,34,57.61
Junior,Business Analyst,33,8,3,5,10,24,30,44.49
Junior,Business Analyst,43,11,1,1,5,44,27,32.38
Trainee,Database Administrator,34,0,2,4,2,20,17,27.46
Trainee,UX Designer,30,4,2,2,0,33,13,27.62
Junior,UX Designer,36,5,3,3,11,29,36,49.58
Trainee,DevOps Engineer,21,3,3,2,10,36,19,32.32
Junior,UX Designer,47,6,5,3,12,49,35,62.3
Senior,QA Tester,55,31,3,5,15,36,45,81.26
Senior,Data Scientist,35,34,4,5,20,44,42,81.2
Junior,DevOps Engineer,33,9,4,2,15,46,31,52.22
Senior,DevOps Engineer,35,26,3,4,17,15,38,62.38
Trainee,System Administrator,27,5,2,2,7,11,10,21.93
Senior,UX Designer,49,33,2,5,22,31,38,74.72
Senior,Business Analyst,33,29,5,3,22,33,19,60.45
Junior,Business Analyst,40,12,3,4,15,19,21,43.7
Senior,Data Scientist,38,29,4,4,16,38,23,70.67
Junior,Database Administrator,41,5,1,3,3,41,25,37.08
Trainee,System Administrator,32,5,2,2,4,39,15,28.56
Senior,Data Analyst,49,31,5,4,10,27,18,63.05
Junior,Database Administrator,31,11,5,2,7,6,18,37.85
Trainee,Data Analyst,28,6,2,2,0,17,17,19.13
Trainee,Database Administrator,27,3,3,2,7,50,21,32.58
Trainee,Business Analyst,23,3,1,1,0,36,8,11.53
Junior,Data Analyst,35,6,4,2,15,14,26,39.68
Trainee,Data Analyst,27,1,1,3,2,54,21,26.44
Trainee,Data Analyst,28,5,2,3,3,29,17,25.26
Trainee,UX Designer,25,5,2,2,9,11,11,25.67
Junior,Database Administrator,26,3,2,2,13,14,34,33.55
Junior,DevOps Engineer,34,10,4,1,7,20,28,40.9
Junior,Data Scientist,40,2,4,3,5,10,26,45.58
Senior,DevOps Engineer,51,23,4,3,22,30,26,67.84
Senior,Database Administrator,33,23,4,5,19,12,14,58.11
Senior,DevOps Engineer,46,25,2,5,19,34,24,66.24
Trainee,UX Designer,25,3,2,3,6,22,26,32.16
Trainee,QA Tester,36,3,2,3,5,16,21,35.38
Senior,UX Designer,42,27,5,5,12,19,35,72.41
Junior,System Administrator,43,8,3,3,13,32,19,46.56
Junior,UX Designer,41,2,1,2,11,40,16,39.24
Senior,Data Scientist,48,21,3,4,22,9,35,67.61
Trainee,Business Analyst,28,3,2,3,2,38,19,24.85
Trainee,Database Administrator,28,0,1,1,4,32,13,17.09
Trainee,QA Tester,21,-2,1,2,2,19,12,21.9
Senior,UX Designer,44,24,4,2,24,23,28,65.08
Junior,UX Designer,32,3,5,4,6,40,20,52.71
Junior,System Administrator,30,8,5,2,10,10,20,40.77
Senior,System Administrator,54,28,4,4,11,23,33,66.91
Senior,DevOps Engineer,39,35,4,2,12,36,40,65.74
Junior,Database Administrator,28,9,2,4,6,25,21,37.65
Senior,Business Analyst,55,19,4,4,17,21,34,62.08
Junior,Database Administrator,40,10,1,4,14,12,7,35.86
Senior,System Administrator,48,30,3,4,18,47,39,72.08
Junior,Business Analyst,34,6,3,2,6,48,26,37.96
Junior,Database Administrator,44,5,5,5,9,40,35,59.05
Junior,QA Tester,41,3,2,3,10,28,34,49.52
Trainee,QA Tester,27,1,1,3,2,30,12,29.24
Junior,QA Tester,40,3,1,4,11,14,22,44.26
Senior,Business Analyst,35,17,3,4,25,40,27,59.03
Senior,UX Designer,48,26,3,5,10,0,34,63.34
Senior,Database Administrator,32,21,4,4,13,18,34,57.78
Junior,Data Scientist,29,5,5,4,12,16,10,49.67
Senior,Business Analyst,58,36,5,4,16,25,24,68.65
Senior,System Administrator,56,28,2,4,16,13,32,61.74
Trainee,Database Administrator,23,0,1,3,6,47,3,22.86
Junior,Data Analyst,40,4,2,2,16,20,33,37.96
Senior,Database Administrator,41,36,5,4,19,32,32,72.01
Junior,Data Scientist,24,10,4,2,12,15,23,44.27
Junior,Database Administrator,35,10,5,3,12,18,28,48.01
Senior,UX Designer,51,33,5,5,19,11,44,79.76
Junior,QA Tester,26,4,5,3,4,18,13,45.24
Junior,Data Analyst,33,6,3,5,8,31,26,45.13
Junior,Business Analyst,38,1,3,2,8,28,29,35.19
Senior,Database Administrator,48,24,5,4,10,43,15,64.8
Junior,DevOps Engineer,29,2,4,4,9,32,19,46.74
Junior,Database Administrator,43,9,2,3,10,9,11,34.91
Trainee,Business Analyst,32,2,3,2,1,45,15,25.59
Trainee,Business Analyst,28,-1,1,3,2,13,14,14.91
Trainee,Business Analyst,29,0,2,2,2,27,14,18.16
Senior,Data Analyst,59,19,5,4,23,26,33,70.69
Junior,Data Analyst,28,3,3,4,14,29,23,41.64
Junior,QA Tester,32,9,3,1,8,34,19,43.18
Senior,Database Administrator,41,16,2,4,11,39,44,58.59
Trainee,QA Tester,33,4,1,1,4,43,23,31.92
Junior,System Administrator,30,5,4,5,3,20,32,47.2
Trainee,Data Analyst,30,-1,2,2,2,27,11,19.01
Junior,QA Tester,34,2,2,2,13,30,17,42.44
Trainee,DevOps Engineer,26,2,2,3,8,7,18,26.63
Junior,UX Designer,38,4,2,2,12,41,11,41.29
Senior,Data Analyst,50,27,3,4,18,23,43,64.79
Senior,DevOps Engineer,46,29,4,3,14,27,15,61.94
Junior,QA Tester,35,5,3,2,8,38,20,46.61
Senior,Database Administrator,46,23,5,4,21,27,22,67.01
Trainee,Business Analyst,20,-1,3,2,0,15,26,17.99
Trainee,QA Tester,34,1,3,2,3,22,21,34.62
Senior,DevOps Engineer,39,33,5,3,20,14,40,69.65
Junior,DevOps Engineer,38,6,4,2,16,34,24,49.04
Junior,DevOps Engineer,43,4,3,4,3,32,32,48.55
Senior,UX Designer,48,19,3,4,23,32,47,73.02
Trainee,QA Tester,34,2,2,2,4,29,12,31.94
Junior,DevOps Engineer,25,10,3,5,8,39,25,50.37
Senior,Database Administrator,61,32,5,5,19,18,30,75.4
Trainee,Data Scientist,32,1,2,2,3,20,10,26.89
Senior,DevOps Engineer,44,22,4,5,19,44,25,72.6
Trainee,Data Scientist,30,2,3,2,5,26,21,33.93
Trainee,System Administrator,25,2,3,3,1,33,12,28.38
Trainee,UX Designer,32,0,4,1,0,33,7,28.36
Senior,Data Analyst,42,30,5,5,11,30,12,63.4
Trainee,Business Analyst,22,4,4,4,5,26,11,29.1
Junior,QA Tester,38,5,3,5,12,21,29,56.08
Junior,Data Scientist,38,9,2,5,5,30,13,48.04
Senior,Database Administrator,51,25,4,4,20,18,24,64.41
Junior,Data Analyst,23,6,3,5,10,39,17,43
Junior,Database Administrator,29,7,5,2,9,37,21,43.74
Junior,Business Analyst,41,7,4,4,5,30,22,43.55
Trainee,Data Scientist,26,-1,2,3,1,43,15,32.37
Trainee,System Administrator,31,2,2,2,4,18,25,25.59
Senior,System Administrator,45,22,4,4,23,40,22,68.64
Junior,Business Analyst,37,9,4,3,10,46,28,46.85
Trainee,System Administrator,27,4,1,1,0,29,12,17.12
Junior,QA Tester,24,6,3,3,2,28,23,43.11
Senior,Business Analyst,45,24,5,5,11,26,33,64.85
Trainee,Data Analyst,35,3,3,2,2,14,8,21.01
Trainee,Data Analyst,28,5,2,3,6,38,15,27.79
Trainee,UX Designer,30,4,3,1,8,27,20,31.41
Trainee,System Administrator,26,2,3,4,4,20,12,30.07
Junior,DevOps Engineer,46,3,3,4,10,29,20,48.65
Junior,System Administrator,36,8,5,4,9,19,21,49.4
Senior,DevOps Engineer,59,28,3,5,19,20,44,74.98
Senior,Data Analyst,53,19,4,3,13,14,36,57.78
Trainee,Data Analyst,28,2,2,3,3,21,14,22.14
Senior,Data Scientist,39,28,5,3,18,36,12,68.56
Senior,System Administrator,48,26,4,5,8,21,28,64.86
Senior,Data Analyst,51,23,5,4,9,31,34,65.26
Junior,UX Designer,27,12,3,5,2,16,21,45.23
Senior,System Administrator,57,30,5,5,11,7,24,68.65
Senior,Database Administrator,45,33,4,4,21,38,32,71.35
Junior,DevOps Engineer,44,8,3,1,5,24,23,38.91
Trainee,Data Analyst,24,1,1,1,9,29,12,16.01
Trainee,Database Administrator,32,2,2,4,0,20,4,23.84
Senior,DevOps Engineer,56,24,5,4,20,0,33,69.84
Trainee,Data Analyst,29,3,2,2,3,19,5,17.47
Senior,Data Analyst,41,17,5,2,12,18,29,52.95
Senior,Business Analyst,49,16,5,3,19,3,38,57.91
Trainee,Data Analyst,31,3,2,3,7,23,10,24.29
Senior,DevOps Engineer,46,23,4,4,8,18,13,58.27
Junior,Data Analyst,28,9,2,4,3,46,32,41.41
Junior,System Administrator,36,7,4,4,9,31,22,48.91
Trainee,Data Analyst,25,0,1,2,1,24,11,14.35
Senior,System Administrator,39,32,3,5,15,35,36,68.9
Junior,System Administrator,41,5,3,2,10,22,23,40.17
Senior,Data Analyst,53,23,5,5,22,26,25,70.85
Senior,Business Analyst,39,16,2,5,13,26,31,53.05
Trainee,Data Analyst,27,1,1,2,10,29,15,20.71
Junior,System Administrator,34,2,4,2,10,46,25,45.4
Junior,Business Analyst,30,6,2,1,2,19,24,23.7
Senior,Database Administrator,40,31,5,5,7,10,19,60.89
Senior,System Administrator,48,28,2,4,26,39,33,69.11
Trainee,UX Designer,31,-1,2,2,2,23,24,27.8
Senior,UX Designer,55,34,4,2,18,9,24,64.65
Trainee,Data Scientist,27,-1,1,3,0,30,18,27.6
Senior,UX Designer,53,29,3,3,23,19,33,68.74
Trainee,Database Administrator,22,2,2,1,3,52,15,22.93
Senior,System Administrator,45,23,2,4,18,37,19,60.03
Trainee,Data Analyst,32,3,2,2,0,27,17,21.29
Junior,DevOps Engineer,45,9,5,2,7,41,14,49.84
Senior,System Administrator,53,32,4,2,19,25,28,64.81
Trainee,Data Analyst,31,2,1,1,5,33,15,17.88
Junior,QA Tester,22,4,3,1,7,30,21,38.46
Trainee,Business Analyst,31,6,3,3,0,50,9,28.51
Senior,Data Scientist,47,32,5,2,24,29,25,72.98
Junior,QA Tester,30,2,2,5,11,20,31,50.23
Trainee,Business Analyst,18,4,2,2,8,16,17,17.56
Senior,Database Administrator,48,24,5,3,24,11,34,65.86
Junior,Data Analyst,33,5,3,4,5,7,22,35.25
Senior,Database Administrator,52,21,3,3,21,26,23,59.62
Senior,System Administrator,44,27,3,5,15,33,28,66.51
Junior,Data Scientist,32,9,3,4,13,34,29,54.23
Senior,System Administrator,38,35,3,4,20,18,13,60.33
Junior,QA Tester,33,3,2,3,2,29,12,39.46
Senior,Data Analyst,41,27,2,4,11,11,37,53.17
Junior,Business Analyst,26,5,2,2,11,45,21,33.24
Senior,System Administrator,57,28,4,3,21,25,26,67.78
Junior,Data Scientist,41,4,4,3,10,21,19,49.08
Junior,QA Tester,44,6,3,4,4,37,22,53.31
Senior,Business Analyst,39,22,4,3,13,36,24,55.13
Trainee,UX Designer,30,4,3,3,1,53,23,39.74
Junior,DevOps Engineer,39,8,4,3,5,22,26,46.25
Senior,Data Scientist,44,26,5,4,18,24,23,72.12
Junior,DevOps Engineer,40,13,4,2,7,25,21,45.46
Senior,Business Analyst,51,28,3,4,14,31,32,61.17
Trainee,UX Designer,27,2,1,3,0,23,20,25.96
Trainee,UX Designer,30,4,1,1,2,32,19,24.1
Senior,Data Analyst,52,24,4,5,15,26,39,68.44
Senior,Database Administrator,55,32,5,4,21,31,33,75.21
Trainee,Business Analyst,30,0,2,2,4,41,26,24.73
Junior,Business Analyst,45,9,4,3,12,24,11,41.64
Junior,Business Analyst,40,8,2,5,1,25,36,41.32
Junior,QA Tester,32,7,1,3,9,21,33,43.64
Trainee,Database Administrator,25,2,3,3,4,30,26,30.56
Senior,UX Designer,55,21,2,5,12,41,26,67.85
Trainee,QA Tester,25,1,1,2,7,35,11,28.77
Senior,UX Designer,33,27,4,5,17,18,29,67.81
Junior,QA Tester,25,8,5,1,4,21,29,44.83
Trainee,Data Analyst,29,3,2,3,1,28,12,22.71
Junior,Data Analyst,29,5,3,4,1,10,17,32.12
Trainee,UX Designer,20,2,1,4,0,40,4,26.63
Junior,Business Analyst,35,5,2,2,6,11,26,27.92
Trainee,Data Analyst,25,4,1,1,1,31,14,14.74
Trainee,Database Administrator,23,5,1,3,6,23,16,22.6
Senior,System Administrator,56,23,3,3,24,10,39,64.54
Junior,Database Administrator,41,10,3,3,2,27,25,40.89
Senior,System Administrator,38,17,5,5,22,28,37,71.63
Junior,DevOps Engineer,34,12,1,3,11,33,25,42.23
Trainee,Data Analyst,22,2,4,1,5,25,6,20.37
Senior,Business Analyst,39,30,3,3,21,31,11,54.07
Senior,System Administrator,46,20,4,5,11,39,37,69.36
Senior,Data Analyst,41,20,3,4,18,9,40,57.04
Trainee,System Administrator,34,0,1,4,2,18,6,23.4
Senior,Database Administrator,38,17,5,5,15,14,21,60.74
Senior,System Administrator,51,18,4,4,12,25,16,60.13
Junior,Database Administrator,31,5,3,3,9,13,37,39.82
Junior,DevOps Engineer,31,7,2,4,4,19,29,40.82
Senior,DevOps Engineer,57,27,4,3,23,47,21,73.07
Senior,System Administrator,43,14,4,2,17,18,18,52.58
Senior,Database Administrator,53,29,5,2,17,15,41,65.25
Senior,Data Analyst,55,28,5,2,22,14,20,61.03
Senior,Business Analyst,41,34,2,4,20,22,22,56.04
Senior,System Administrator,42,22,5,4,13,28,27,65.37
Senior,QA Tester,45,20,3,5,11,23,11,63.64
Senior,UX Designer,36,32,4,5,15,21,32,70.53
Senior,UX Designer,53,13,2,4,16,20,22,58.86
Trainee,Data Analyst,20,6,1,2,2,50,20,22.27
Trainee,Business Analyst,32,2,1,2,2,43,15,20.1
Senior,Data Scientist,57,29,4,3,13,4,27,65.73
Trainee,QA Tester,21,3,2,1,7,33,23,30.65
Senior,UX Designer,48,25,4,4,12,46,19,69.43
Senior,QA Tester,56,19,4,3,23,26,17,70.27
Junior,System Administrator,32,4,2,2,17,12,28,36.82
Senior,Database Administrator,55,30,3,4,20,19,16,62.41
Trainee,Data Analyst,23,5,3,1,0,47,10,21.89
Junior,Data Scientist,28,10,3,4,5,34,7,45.27
Trainee,Data Analyst,31,0,2,1,3,45,16,21.9
Senior,Business Analyst,43,17,2,3,11,29,24,46.98
Trainee,Data Analyst,31,6,2,3,6,36,8,26.83
Trainee,DevOps Engineer,33,2,2,3,4,39,9,30.9
Senior,DevOps Engineer,57,34,2,5,20,29,27,71.76
Junior,Database Administrator,33,10,3,3,7,26,30,41.87
Senior,System Administrator,57,31,5,5,19,27,25,76.38
Junior,UX Designer,43,7,3,4,11,29,14,49.67
Trainee,UX Designer,27,1,2,3,0,24,22,29.1
Junior,DevOps Engineer,32,12,3,3,11,25,8,41.82
Trainee,Data Analyst,33,5,2,1,5,36,24,24.73
Senior,Data Scientist,51,15,3,3,19,10,29,61.39
Trainee,Data Analyst,33,0,4,1,3,19,8,21.05
Junior,Business Analyst,26,7,3,3,5,37,34,38.27
Senior,Data Scientist,48,22,4,3,8,0,45,62.64
Senior,UX Designer,44,19,2,5,19,34,42,69.65
Senior,Data Analyst,39,20,4,4,19,19,28,58.94
Senior,Business Analyst,41,34,3,3,21,15,34,57.79
Junior,QA Tester,40,4,2,2,11,10,15,39.36
Senior,Data Analyst,47,33,2,4,18,14,14,54.69
Senior,Data Analyst,37,23,3,5,13,7,24,53.64
Trainee,Data Scientist,29,4,2,2,0,32,12,28.58
Junior,UX Designer,39,4,2,3,13,22,21,43.26
Junior,Data Scientist,40,10,3,3,4,23,32,48.63
Junior,Data Scientist,33,9,1,3,8,33,19,41.68
Junior,UX Designer,42,4,2,1,2,42,35,41.03
Senior,Data Analyst,42,27,2,5,23,34,22,62.26
Senior,Data Analyst,55,25,5,2,18,14,14,57.1
Trainee,System Administrator,28,4,3,1,4,37,22,28.46
Junior,Data Analyst,28,4,2,4,10,42,12,37.55
Trainee,Data Analyst,25,-1,2,3,1,28,12,20.56
Junior,System Administrator,28,8,4,3,7,19,14,39.44
Senior,Database Administrator,55,14,3,5,25,33,34,69.42
Junior,Business Analyst,40,11,5,2,3,14,13,35.76
Trainee,UX Designer,24,0,3,3,0,34,9,29.78
Trainee,System Administrator,28,2,2,2,7,21,18,25.03
Trainee,Data Analyst,26,4,3,4,4,32,17,31.01
Trainee,UX Designer,31,3,3,1,5,38,13,30.66
Senior,Data Analyst,39,21,3,4,27,34,33,63.81
Trainee,DevOps Engineer,23,3,3,2,4,33,23,30.66
Trainee,Database Administrator,24,2,1,4,8,37,5,25.79
Senior,Business Analyst,60,26,4,5,15,3,13,59.09
Junior,Data Analyst,39,7,2,4,11,25,27,41.68
Senior,DevOps Engineer,40,35,5,5,17,12,32,72.63
Trainee,QA Tester,31,3,1,4,7,38,9,36.49
Senior,Data Analyst,48,30,5,5,12,46,16,69.37
Junior,Database Administrator,32,2,2,4,6,37,26,40.08
Senior,Data Scientist,39,17,4,5,12,36,22,67.88
Trainee,Database Administrator,31,4,4,3,6,52,22,39.65
Junior,Database Administrator,28,8,4,3,9,48,11,43.65
Trainee,System Administrator,20,3,1,3,3,30,17,23.2
Junior,Data Analyst,39,9,3,3,4,18,19,36.24
Senior,Data Scientist,48,16,5,4,21,41,45,79.79
Senior,Business Analyst,49,22,5,4,12,10,29,58.88
Senior,Business Analyst,52,17,5,3,15,13,23,55.84
Junior,Data Scientist,40,7,2,4,7,14,26,45.87
Junior,UX Designer,42,10,2,4,12,34,18,49.8
Senior,Data Scientist,52,20,5,5,19,6,28,73.23
Junior,Data Analyst,26,5,2,2,9,24,25,30.87
Senior,Data Analyst,55,17,5,5,14,12,16,61.56
Senior,Data Scientist,44,24,5,3,23,31,39,75.83
Trainee,DevOps Engineer,30,-2,1,2,7,29,11,23.21
Junior,DevOps Engineer,31,8,3,3,5,41,25,44.94
Senior,Database Administrator,57,21,3,5,17,46,44,73.42
Trainee,UX Designer,25,1,3,3,5,50,24,38.95
Trainee,Business Analyst,28,-2,4,3,4,45,21,31.64
Senior,UX Designer,55,34,2,5,15,23,26,69.33
Junior,Business Analyst,31,9,4,2,7,12,11,30.9
Senior,Data Scientist,52,36,3,4,13,28,16,68.63
Junior,Business Analyst,30,11,4,4,7,26,29,43.58
Trainee,Data Scientist,18,5,2,1,2,22,19,23.73
Senior,System Administrator,43,34,4,4,9,30,44,68.9
Senior,DevOps Engineer,48,23,4,3,18,26,32,65.99
Junior,System Administrator,41,4,4,3,10,27,21,45.89
Junior,Data Analyst,36,7,2,2,7,34,31,36.43
Senior,Business Analyst,38,18,5,4,15,3,22,53.23
Senior,UX Designer,49,31,2,2,18,14,29,58.84
Senior,Database Administrator,32,20,3,5,25,19,47,65.54
Senior,Data Analyst,41,22,5,5,7,7,43,61.73
Trainee,Business Analyst,28,-1,1,2,7,50,5,19.32
Junior,System Administrator,26,6,3,4,17,48,22,49.96
Trainee,Data Analyst,23,6,1,4,10,55,4,29.31
Senior,Database Administrator,57,20,5,5,21,36,44,78.43
Senior,Business Analyst,48,20,5,2,13,30,14,53.42
Senior,Data Analyst,40,25,3,4,16,41,21,59.38
Trainee,QA Tester,34,3,1,2,7,26,4,28.26
Senior,Database Administrator,35,32,5,5,15,32,31,70.14
Senior,DevOps Engineer,40,22,5,4,19,45,15,69.5
Senior,Business Analyst,38,29,3,4,12,3,11,47.1
Senior,DevOps Engineer,54,27,4,5,21,27,26,74.31
Trainee,Data Analyst,26,3,2,2,5,28,19,22.48
Junior,UX Designer,41,7,3,3,11,36,23,49.82
Senior,Business Analyst,50,18,4,5,15,24,26,61.18
Senior,Data Analyst,38,20,3,5,13,33,42,62.13
Senior,Data Scientist,45,24,3,4,20,31,16,66.82
Senior,System Administrator,48,30,4,5,11,18,28,66.62
Junior,System Administrator,43,8,2,2,9,40,10,38.84
Trainee,DevOps Engineer,28,3,1,3,5,30,5,24.98
Trainee,DevOps Engineer,25,2,1,3,3,57,12,29.91
Trainee,QA Tester,36,0,3,1,10,41,21,38.65
Senior,Data Analyst,50,33,5,2,15,36,23,63.3
Senior,UX Designer,57,16,3,5,12,37,38,71.59
Senior,Data Analyst,55,28,5,4,27,29,34,74.74
Trainee,Data Analyst,33,3,4,1,7,29,15,27.11
Senior,QA Tester,41,16,4,5,16,14,25,67.76
Junior,Data Analyst,32,3,5,4,9,28,26,46.64
Senior,System Administrator,46,17,2,3,23,27,42,61.13
Trainee,Database Administrator,35,0,1,2,6,26,20,22.94
Trainee,Data Analyst,33,1,1,1,2,40,11,17.34
Trainee,Business Analyst,36,0,1,3,5,25,9,19.7
Trainee,System Administrator,33,3,1,3,1,46,7,26.49
Senior,Business Analyst,38,23,5,4,11,30,24,58.76
Senior,UX Designer,48,23,5,5,23,22,27,76.02
Trainee,QA Tester,24,6,2,2,0,28,23,31.23
Senior,Database Administrator,39,24,2,5,14,0,14,50.05
Trainee,Business Analyst,21,1,4,3,1,37,27,29.3
Junior,Business Analyst,38,9,5,3,5,35,15,42.8
Trainee,QA Tester,19,4,4,1,3,34,21,34.06
Senior,Data Scientist,36,18,2,4,19,10,40,60.94
Junior,Data Scientist,28,10,2,4,1,40,15,43.82
Senior,Business Analyst,54,18,4,5,22,10,26,62.36
Junior,QA Tester,22,12,1,2,2,40,10,35.46
Senior,DevOps Engineer,43,36,2,4,11,33,41,66.24
Junior,Data Analyst,38,4,2,2,17,19,19,34.56
Trainee,DevOps Engineer,35,4,2,3,6,30,20,33.6
Senior,Data Analyst,48,28,4,5,12,34,16,63.72
Senior,DevOps Engineer,36,22,5,5,26,4,33,70.17
Senior,Data Scientist,59,33,3,3,8,34,34,70
Junior,Database Administrator,35,12,3,1,6,30,28,37.38
Senior,Business Analyst,55,25,5,5,17,23,16,65.68
Junior,Data Scientist,25,12,2,4,8,24,27,46.16
Junior,DevOps Engineer,35,3,4,3,5,18,17,41
Senior,System Administrator,37,23,4,5,22,25,23,66.54
Trainee,UX Designer,22,1,3,1,3,53,21,31.71
Trainee,Business Analyst,20,1,3,1,7,32,11,18.54
Senior,Business Analyst,57,33,2,5,15,35,19,62.35
Senior,DevOps Engineer,49,24,3,3,9,30,22,58.53
Trainee,System Administrator,25,2,1,2,8,27,2,19.44
Trainee,DevOps Engineer,27,3,2,3,6,26,18,29.99
Trainee,Data Analyst,31,2,2,1,6,17,18,18.65
Trainee,Database Administrator,36,1,2,3,6,13,7,23.57
Trainee,Data Analyst,31,0,2,2,8,25,22,24.17
Trainee,UX Designer,29,1,4,4,4,41,17,41.8
Trainee,System Administrator,31,2,1,3,8,20,13,24.9
Trainee,Business Analyst,27,4,1,3,2,34,10,19.28
Senior,UX Designer,57,26,4,2,20,13,35,66.9
Senior,UX Designer,43,33,3,3,11,18,20,59.27
Senior,Business Analyst,51,35,4,3,21,22,17,60.9
Senior,DevOps Engineer,34,31,5,4,11,22,32,66.68
Junior,Data Scientist,38,11,3,5,10,31,31,57.76
Senior,DevOps Engineer,55,28,5,3,24,15,23,70.27
Senior,Data Scientist,53,14,5,5,17,17,39,75.54
Senior,UX Designer,49,31,3,4,25,17,21,68.74
Senior,System Administrator,55,33,3,4,13,40,18,66.52
Senior,Data Scientist,52,18,2,5,21,7,36,67.16
Junior,Data Analyst,31,6,3,2,15,24,29,38.52
Senior,Business Analyst,33,31,5,3,13,11,32,55.92
Trainee,System Administrator,23,3,1,4,7,43,6,28.49
Trainee,Database Administrator,27,0,1,1,3,29,16,16.5
Junior,Data Analyst,40,5,2,4,13,26,26,42.19
Junior,System Administrator,39,8,2,4,11,17,13,40.49
Junior,System Administrator,40,11,4,4,1,26,8,43.61
Senior,Data Analyst,51,21,4,3,19,8,33,58.47
Senior,Data Scientist,41,32,3,3,17,45,47,73.88
Junior,Data Analyst,34,11,2,3,6,44,21,39.11
Senior,System Administrator,47,24,4,4,22,13,19,63.32
Junior,System Administrator,40,3,3,4,9,11,25,42.76
Trainee,DevOps Engineer,33,1,3,3,7,39,8,34.38
Senior,Database Administrator,50,26,4,3,11,14,39,60.54
Junior,Data Scientist,40,9,5,4,10,32,19,58.01
Junior,UX Designer,34,7,2,4,11,35,25,48.32
Junior,Data Analyst,45,4,2,2,7,21,30,35.06
Trainee,Business Analyst,20,-1,1,2,4,42,17,17.24
Junior,Data Scientist,43,2,2,3,9,45,30,50.19
Trainee,Business Analyst,26,1,1,2,4,25,6,13.56
Senior,Data Scientist,54,15,3,4,21,18,21,65.49
Senior,UX Designer,44,29,2,4,11,17,29,60.17
Junior,Business Analyst,33,10,4,2,9,20,31,38.63
Trainee,System Administrator,33,6,1,1,6,56,16,27.9
Senior,DevOps Engineer,53,18,2,5,16,4,25,59.04
Senior,Database Administrator,32,17,3,4,15,37,17,54.49
Senior,Data Analyst,34,24,3,5,20,21,20,57.86
Trainee,Business Analyst,30,4,1,2,8,51,12,23.55
Junior,System Administrator,31,7,3,3,7,14,15,36.38
Senior,DevOps Engineer,49,19,4,5,17,11,21,64.8
Junior,QA Tester,31,7,3,4,9,34,15,50.15
Trainee,System Administrator,29,1,1,1,7,47,15,23.85
Junior,QA Tester,29,11,2,3,10,11,26,43.73
Senior,Business Analyst,39,16,5,3,9,38,29,55.98
Senior,System Administrator,39,20,3,4,13,24,25,57.17
Senior,Data Scientist,36,22,3,3,23,27,26,63.96
Senior,Business Analyst,49,30,4,2,19,19,15,54.29
Senior,Business Analyst,48,35,3,5,12,14,22,58.83
Trainee,System Administrator,27,2,3,3,6,19,19,29.77
Senior,Database Administrator,56,14,3,4,13,20,27,57.77
Trainee,Business Analyst,20,2,3,2,3,47,20,24.91
Junior,QA Tester,39,2,3,3,3,46,23,49.71
Junior,Business Analyst,25,7,3,2,14,5,12,27.78
Senior,QA Tester,40,24,5,4,20,31,26,75.04
Trainee,Data Scientist,34,4,2,3,6,30,10,34.24
Trainee,Business Analyst,25,2,1,1,5,20,25,14.52
Trainee,Data Scientist,29,-1,4,2,4,50,14,38.28
Senior,Business Analyst,56,18,5,3,26,5,31,61.92
Trainee,Data Scientist,21,1,1,1,0,29,7,18.43
Trainee,Business Analyst,33,0,1,3,1,25,20,19.71
Junior,System Administrator,33,3,1,4,8,14,17,33.78
Trainee,Business Analyst,23,2,1,1,7,29,17,14.79
Senior,System Administrator,49,19,5,3,20,29,35,68.31
Trainee,Business Analyst,26,2,1,4,0,42,13,22.68
Trainee,QA Tester,30,5,3,1,5,47,21,37.72
Senior,Data Analyst,53,16,2,5,14,27,44,61.68
Trainee,Business Analyst,31,0,2,2,6,21,11,18.47
Junior,System Administrator,29,8,4,2,7,31,20,40.58
Senior,DevOps Engineer,57,36,3,2,17,12,43,65.87
Junior,Business Analyst,42,11,1,1,6,38,16,28.96
Senior,Business Analyst,48,31,5,4,19,31,16,65.32
Senior,DevOps Engineer,50,34,3,4,24,14,19,66.9
Senior,System Administrator,49,30,2,5,15,17,23,61.63
Senior,System Administrator,40,34,5,5,23,3,33,71.73
Junior,DevOps Engineer,28,9,2,4,12,33,18,44.2
Junior,DevOps Engineer,46,13,5,3,13,42,37,61.93
Junior,DevOps Engineer,44,12,3,2,6,30,30,46.05
Senior,Data Scientist,53,32,3,4,12,4,24,64.42
Senior,UX Designer,58,35,4,4,19,11,28,72.99
Trainee,UX Designer,25,3,4,4,4,33,18,39.99
Senior,Database Administrator,50,25,5,4,10,32,17,63.93
Trainee,Data Scientist,25,1,1,4,2,45,10,32.38
Junior,Data Analyst,39,10,3,4,10,16,38,45.73
Trainee,Database Administrator,36,0,1,3,2,56,22,30.6
Trainee,QA Tester,23,-2,1,2,6,36,12,27.37
Senior,UX Designer,38,18,3,2,23,40,48,66.38
Junior,Business Analyst,37,5,2,2,6,24,35,33.04
Trainee,Business Analyst,30,4,3,1,4,41,10,22.21
Senior,Database Administrator,46,32,5,4,14,25,44,71.38
Senior,UX Designer,46,18,4,3,14,13,37,62.54
Trainee,Data Analyst,25,0,3,1,5,33,17,21.86
Senior,DevOps Engineer,43,19,2,5,26,17,19,62.08
Trainee,DevOps Engineer,34,5,1,2,1,31,7,23.21
Junior,Business Analyst,29,9,1,3,6,26,36,32.83
Junior,Data Analyst,32,13,4,3,8,34,21,43.59
Junior,QA Tester,32,10,3,3,12,35,8,48.35
Senior,System Administrator,52,30,2,5,21,29,34,69.66
Trainee,UX Designer,33,3,3,1,4,30,2,26.74
Senior,System Administrator,45,18,2,4,11,43,17,56.44
Junior,Data Analyst,32,7,3,3,13,25,21,39.39
Trainee,System Administrator,32,1,1,2,9,41,13,26.58
Senior,System Administrator,45,28,3,5,16,25,31,66.6
Junior,Business Analyst,26,11,2,3,8,13,30,32.37
Trainee,Database Administrator,31,3,1,2,6,47,19,26.65
Senior,Database Administrator,33,31,2,5,17,12,14,54.09
Trainee,UX Designer,31,2,2,2,5,52,4,31.01
Senior,System Administrator,33,18,4,5,12,19,28,59.9
Trainee,Business Analyst,30,4,3,2,6,36,25,28.29
Trainee,Business Analyst,28,-1,1,1,7,44,4,15.21
Junior,Data Analyst,35,9,5,1,14,20,28,41.75
Senior,System Administrator,53,32,5,5,19,25,16,73.15
Trainee,Data Analyst,25,4,3,3,1,42,7,26.36
Senior,QA Tester,38,16,5,5,22,22,15,71.55
Trainee,Data Analyst,26,4,3,2,9,36,21,29.16
Trainee,QA Tester,28,3,3,2,0,44,7,33.62
Trainee,Business Analyst,32,-1,1,4,6,16,13,20.71
Senior,UX Designer,51,26,2,4,21,30,41,70.45
Trainee,UX Designer,26,3,2,1,1,29,2,20.69
Junior,Data Analyst,31,7,4,2,7,16,11,32.62
Junior,Data Analyst,35,10,5,3,11,13,32,45.94
Trainee,QA Tester,31,4,2,3,10,30,19,38.78
Senior,Data Analyst,49,16,4,2,15,26,43,57.91
Junior,Business Analyst,36,2,1,4,4,17,30,31.37
Senior,QA Tester,46,24,3,4,10,37,30,68.87
Senior,UX Designer,46,23,5,5,22,39,45,82.56
Trainee,Data Analyst,32,2,2,1,5,28,23,21.83
Senior,DevOps Engineer,44,28,4,3,20,18,28,64.75
Junior,Business Analyst,23,6,4,3,6,26,22,35.62
Senior,Data Analyst,46,27,2,2,15,34,26,52.51
Junior,System Administrator,27,4,5,2,14,35,9,42.87
Trainee,Data Scientist,20,-2,4,1,1,10,8,22.56
Trainee,Data Analyst,33,1,2,3,3,8,20,21.95
Trainee,Database Administrator,28,2,4,1,1,37,3,23.52
Senior,Data Analyst,45,27,5,5,19,31,32,71.3
Senior,DevOps Engineer,41,28,4,4,14,13,37,65.38
Senior,QA Tester,50,23,4,4,14,20,31,71.01
Junior,Business Analyst,26,9,3,3,14,12,30,36.78
Junior,QA Tester,38,8,1,3,15,38,13,46.71
Junior,UX Designer,38,10,3,4,10,20,27,50.07
Trainee,Data Scientist,28,4,1,2,6,39,27,32.77
Junior,System Administrator,32,12,4,1,12,34,31,44.89
Junior,Business Analyst,30,6,5,2,7,37,27,41.07
Junior,Data Analyst,37,5,3,3,12,20,24,39.35
Trainee,UX Designer,31,2,1,3,3,28,14,27.77
Junior,Data Analyst,34,5,4,3,13,21,28,42.88
Senior,Data Scientist,39,36,3,4,9,32,19,65.23
Trainee,Data Analyst,27,3,2,4,7,48,6,30.05
Junior,Database Administrator,41,6,5,3,5,41,15,46.97
Trainee,Data Analyst,35,4,3,2,0,30,7,23.43
Junior,Database Administrator,25,5,5,3,4,31,28,43.29
Junior,System Administrator,39,7,3,2,11,7,19,36.82
Trainee,Database Administrator,22,-1,1,2,5,22,4,14.55
Trainee,Business Analyst,25,3,3,3,3,43,6,25.29
Junior,Data Analyst,28,7,3,3,12,35,28,41.55
Trainee,Business Analyst,28,2,1,3,7,21,18,20.3
Junior,QA Tester,27,7,2,3,11,41,11,44.95
Trainee,Data Analyst,27,0,1,3,3,19,18,19.04
Junior,Database Administrator,36,11,2,2,14,15,35,39.28
Junior,Data Scientist,26,3,3,1,2,34,31,38.61
Trainee,UX Designer,28,4,2,1,5,34,11,26.14
Senior,Database Administrator,50,30,4,4,10,33,38,67.56
Trainee,Data Analyst,29,3,3,1,6,24,6,19.94
Trainee,Data Analyst,35,2,2,1,7,50,11,24.99
Senior,System Administrator,46,19,5,3,12,14,28,59.72
Senior,Data Scientist,32,34,3,3,21,24,43,68.85
Trainee,Database Administrator,33,2,2,3,4,11,19,24.53
Senior,System Administrator,43,35,4,4,18,31,17,67
Trainee,Business Analyst,24,2,2,1,7,30,24,19.67
Junior,Data Analyst,42,12,5,3,6,15,10,41.6
Junior,UX Designer,32,9,2,3,7,32,22,42.68
Junior,DevOps Engineer,31,9,5,4,9,22,31,52.9
Junior,Data Scientist,34,11,1,4,11,30,25,47.32
Senior,Data Analyst,37,24,3,4,19,33,18,57.33
Trainee,Data Scientist,32,3,4,3,0,33,19,39.16
Trainee,Data Analyst,25,1,2,1,6,25,10,16.62
Senior,QA Tester,38,21,5,5,15,18,24,71.32
Junior,DevOps Engineer,29,7,1,5,7,26,24,41.82
Trainee,QA Tester,31,5,1,3,0,40,16,33.44
Senior,Data Analyst,53,29,2,4,17,30,35,62.53
Junior,UX Designer,44,7,3,2,12,32,23,47.43
Senior,Data Analyst,49,30,5,4,13,29,30,67.16
Trainee,Data Scientist,27,-1,3,2,2,24,2,26.34
Junior,System Administrator,22,5,3,2,14,20,11,33.86
Junior,DevOps Engineer,42,3,2,5,9,44,30,52.35
Junior,Data Scientist,29,7,1,3,3,40,19,39.36
Junior,Database Administrator,31,10,2,4,12,25,17,40.32
Senior,DevOps Engineer,53,17,4,5,18,21,16,66.48
Trainee,UX Designer,24,-1,4,4,6,20,11,35.23
Senior,UX Designer,50,16,3,5,21,19,39,70.24
Junior,Data Scientist,31,7,2,4,7,38,17,46.28
Senior,Data Scientist,60,22,2,3,20,17,30,64.91
Trainee,Business Analyst,24,3,1,1,6,40,17,17.1
Trainee,Data Scientist,28,2,3,2,6,41,15,35.44
Senior,Database Administrator,54,28,4,4,13,28,16,63.26
Trainee,Data Analyst,31,0,2,1,3,44,22,23
Senior,UX Designer,48,31,5,5,9,6,35,71.29
Junior,System Administrator,33,10,2,2,7,35,10,35.17
Junior,Data Analyst,38,11,3,5,7,34,15,45.58
Trainee,DevOps Engineer,31,1,1,2,8,53,18,30.94
Junior,Data Analyst,37,9,1,3,11,28,29,37.3
Trainee,Business Analyst,21,3,2,1,0,12,13,10.24
Junior,Data Analyst,41,10,3,3,11,18,28,41.98
Senior,Business Analyst,47,16,3,5,16,40,29,61.29
Senior,System Administrator,44,23,2,3,21,31,37,61.2
Trainee,QA Tester,20,1,3,3,2,29,23,35.28
Senior,Data Analyst,52,16,5,5,15,30,41,70.07
Trainee,UX Designer,36,4,1,2,1,15,10,22.58
Trainee,Data Analyst,23,1,1,3,4,28,6,17.73
Junior,System Administrator,42,11,3,2,11,15,17,39.86
Trainee,System Administrator,34,1,2,2,7,31,19,28.52
Senior,Data Analyst,47,32,5,3,14,22,32,63.92
Junior,Data Analyst,35,7,3,3,12,22,14,37.57
Senior,Data Analyst,59,16,4,2,19,36,22,59.27
Senior,Data Scientist,49,23,3,3,24,23,33,68.77
Trainee,Database Administrator,24,2,4,3,0,34,16,30.01
Junior,Database Administrator,25,5,2,1,3,39,19,28.46
Trainee,System Administrator,33,2,4,4,7,19,22,37.95
Junior,Data Scientist,30,8,2,2,4,12,23,35.81
Trainee,Business Analyst,30,2,3,1,4,23,19,20.14
Junior,Data Analyst,28,7,2,5,6,29,21,39.08
Junior,Business Analyst,37,10,2,3,4,47,32,40.25
Senior,DevOps Engineer,49,15,5,4,19,24,23,67.45
Junior,DevOps Engineer,34,12,5,3,9,25,18,49.32
Junior,Data Scientist,42,7,3,4,7,15,36,51.64
Trainee,QA Tester,21,-1,1,2,2,55,14,29.66
Junior,System Administrator,37,7,3,1,6,34,16,36.04
Trainee,QA Tester,28,2,1,3,6,30,6,30
Trainee,Business Analyst,33,2,3,3,10,28,9,27.69
Junior,Database Administrator,34,13,4,2,8,26,12,39.36
Junior,Database Administrator,33,12,4,4,5,26,33,47.89
Trainee,Business Analyst,26,3,1,1,6,42,16,17.78
Senior,Database Administrator,41,21,5,5,18,28,15,65.33
Trainee,Data Analyst,30,3,1,1,5,55,17,22.74
Trainee,UX Designer,31,2,3,1,5,49,12,32.25
Trainee,System Administrator,28,3,3,2,2,52,10,30.34
Junior,UX Designer,27,3,3,3,14,8,22,40.65
Senior,Data Analyst,38,25,4,4,15,20,23,57.55
Junior,Business Analyst,34,6,2,2,5,39,30,33.91
Senior,Business Analyst,53,25,5,5,18,19,34,68.87
Junior,Business Analyst,39,12,3,5,8,16,21,42.82
Junior,QA Tester,30,3,5,3,9,13,18,48.17
Trainee,Business Analyst,23,-1,2,1,2,11,20,11.86
Trainee,Data Scientist,30,3,1,2,8,30,14,29.11
Junior,DevOps Engineer,32,10,3,1,6,5,16,31.57
Senior,Business Analyst,55,20,5,5,27,30,25,71.7
Trainee,Data Analyst,25,3,2,1,0,40,17,19.23
Trainee,DevOps Engineer,28,4,2,1,6,38,18,27.36
Trainee,Data Analyst,35,6,3,3,6,33,18,32.27
Trainee,Data Analyst,31,5,1,4,5,18,21,25.55
Senior,DevOps Engineer,36,29,5,5,16,18,27,69.52
Senior,Data Analyst,40,30,4,3,17,12,36,59.02
Senior,Data Scientist,45,32,4,4,20,23,25,72.49
Junior,Database Administrator,43,5,3,3,9,22,5,37.37
Trainee,Data Analyst,32,5,2,2,0,41,10,23
Trainee,Business Analyst,24,2,3,4,5,33,14,28.23
Trainee,QA Tester,23,4,4,3,4,16,11,35.29
Junior,Business Analyst,37,6,3,3,0,21,19,32.23
Trainee,QA Tester,34,0,4,3,4,47,16,44.02
Junior,Data Scientist,28,5,4,4,9,28,28,51.82
Junior,Data Scientist,35,4,3,5,6,43,8,50.49
Senior,System Administrator,58,14,4,4,16,23,39,67.22
Senior,System Administrator,38,14,5,4,17,40,16,63.47
Senior,System Administrator,53,30,2,4,22,24,19,63.23
Junior,System Administrator,24,6,2,3,5,28,10,32.26
Senior,UX Designer,41,31,2,5,10,30,40,67.41
Junior,Business Analyst,31,6,4,4,6,30,21,40.91
Senior,Business Analyst,48,30,4,5,24,22,17,65.46
Junior,UX Designer,34,3,4,4,8,17,15,45.62
Junior,DevOps Engineer,28,4,4,2,1,30,7,35.18
Junior,System Administrator,22,8,2,2,10,16,18,31.1
Junior,QA Tester,34,8,3,2,7,19,23,43.77
Senior,UX Designer,56,33,3,3,16,22,13,63.79
Senior,UX Designer,46,29,5,4,26,12,32,74.97
Trainee,QA Tester,28,1,4,3,6,26,12,38.64
Junior,UX Designer,31,2,3,4,4,18,32,44.24
Trainee,QA Tester,30,2,1,1,7,32,5,25.6
Senior,System Administrator,42,21,5,2,15,14,32,58.74
Trainee,QA Tester,32,6,2,2,7,34,21,36.78
Trainee,Business Analyst,26,0,4,4,5,35,19,32.49
Junior,QA Tester,25,5,2,4,6,27,25,44.99
Junior,Database Administrator,31,8,5,3,9,13,29,44.42
Junior,DevOps Engineer,29,3,2,2,4,14,34,33.75
Trainee,Data Scientist,33,5,3,1,3,31,22,33.14
Senior,System Administrator,42,17,4,3,12,32,42,62.1
Junior,Business Analyst,44,5,5,3,6,8,23,40.08
Trainee,Database Administrator,31,2,3,1,1,52,15,27.13
Senior,System Administrator,47,29,5,4,20,31,17,69.86
Senior,Database Administrator,40,29,2,4,11,21,34,56.37
Junior,System Administrator,30,8,3,3,12,29,37,46.33
Trainee,DevOps Engineer,36,4,4,1,5,33,11,31.98
Senior,System Administrator,47,32,3,5,24,28,43,74.85
Senior,System Administrator,47,26,3,2,22,25,26,59.56
Junior,DevOps Engineer,47,5,3,2,11,20,13,41
Junior,DevOps Engineer,39,10,4,3,6,16,18,44.32
Senior,Business Analyst,46,19,3,5,21,33,40,65.09
Trainee,Database Administrator,28,4,1,1,8,57,14,24.99
Trainee,DevOps Engineer,25,2,1,2,2,18,10,18.64
Senior,DevOps Engineer,35,28,4,4,20,40,46,73.63
Senior,DevOps Engineer,59,33,4,4,11,10,24,66.61
Junior,Data Analyst,30,4,3,3,1,37,17,34.56
Senior,Database Administrator,36,30,3,5,20,32,20,63.83
Junior,System Administrator,34,12,5,5,11,21,27,55.39
Trainee,Business Analyst,36,2,4,4,1,19,22,31.51
Trainee,Data Analyst,24,3,4,3,4,43,17,32.33
Senior,Data Analyst,56,16,3,2,24,16,25,54.58
Senior,System Administrator,48,18,2,5,26,29,18,63.58
Senior,Database Administrator,41,31,5,5,22,35,31,74.87
Senior,DevOps Engineer,44,17,4,4,14,38,46,69.8
Trainee,Database Administrator,24,0,1,3,1,22,19,19.79
Junior,Business Analyst,30,9,5,5,4,39,30,50.12
Senior,Data Analyst,58,31,3,3,11,26,35,61.06
Trainee,System Administrator,26,-1,3,3,3,25,10,26.56
Trainee,Database Administrator,26,5,1,2,9,41,13,24.65
Junior,Data Analyst,26,4,3,4,11,31,15,38.76
Trainee,DevOps Engineer,27,4,1,1,0,35,4,18.15
Senior,DevOps Engineer,47,24,4,3,13,30,19,61.73
Trainee,DevOps Engineer,34,2,1,2,2,25,16,23.68
Senior,UX Designer,40,22,4,4,15,21,20,63.14
Junior,DevOps Engineer,34,8,2,5,4,15,18,41.42
Senior,UX Designer,33,19,4,5,10,33,20,63.55
Senior,Business Analyst,51,15,5,2,13,3,24,49.64
Trainee,Database Administrator,21,3,2,3,3,54,19,29.79
Senior,System Administrator,58,34,2,3,20,34,34,67.38
Trainee,Database Administrator,31,0,2,3,3,27,13,24.84
Junior,DevOps Engineer,36,11,2,3,9,29,26,43.89
Trainee,Business Analyst,26,4,1,4,4,9,21,20.25
Junior,DevOps Engineer,35,9,2,3,8,9,30,39.61
Junior,Business Analyst,29,3,4,2,9,35,26,37.3
Trainee,Business Analyst,22,6,3,3,8,16,11,23.37
Trainee,Data Analyst,26,1,2,4,8,22,10,25.44
Senior,Data Analyst,54,35,3,4,14,24,20,61.52
Junior,Business Analyst,30,5,2,3,10,6,13,27.21
Trainee,Business Analyst,33,3,2,2,0,37,27,24.13
Trainee,Data Scientist,30,1,2,3,0,28,18,31.27
Senior,DevOps Engineer,50,19,5,4,13,8,37,66.39
Trainee,QA Tester,31,-1,2,2,3,37,11,31.16
Trainee,System Administrator,31,2,2,3,4,33,12,28.32
Junior,Data Analyst,37,6,1,4,4,16,28,33.76
Junior,UX Designer,41,7,5,4,4,22,21,52.08
Junior,Data Analyst,38,7,3,5,11,40,6,45.18
Trainee,System Administrator,30,2,3,1,4,50,29,32.45
Senior,Data Analyst,56,24,5,3,21,11,33,64.87
Senior,DevOps Engineer,50,32,4,5,12,18,39,72.24
Junior,UX Designer,36,10,2,5,10,25,21,49.14
Junior,System Administrator,38,7,3,2,4,31,25,39.71
Junior,DevOps Engineer,33,9,2,2,5,31,13,35.52
Senior,UX Designer,54,28,5,5,18,4,28,73.63
Senior,System Administrator,46,23,5,5,22,11,24,69.11
Trainee,Data Analyst,18,2,1,2,6,24,21,17.44
Junior,System Administrator,30,10,4,4,5,12,13,40.83
Senior,Business Analyst,53,20,5,5,14,14,21,61.9
Junior,Data Analyst,41,10,3,3,2,12,20,35.3
Trainee,Data Analyst,30,-2,2,3,3,36,16,24.85
Senior,Data Scientist,57,15,3,2,11,45,20,61.62
Senior,Business Analyst,46,16,4,4,18,18,39,59.86
Junior,DevOps Engineer,43,5,5,5,10,16,17,53.59
Junior,Data Scientist,29,12,4,3,9,31,18,49.67
Senior,Business Analyst,42,30,4,4,23,27,35,65.82
Trainee,Data Analyst,30,-1,3,1,2,32,15,20.93
Junior,DevOps Engineer,27,10,3,3,9,28,22,42.98
Trainee,DevOps Engineer,20,3,2,3,5,41,14,29.87
Junior,QA Tester,39,2,2,3,16,38,19,49.73
Junior,Business Analyst,29,4,3,3,3,4,30,30.04
Trainee,Database Administrator,30,0,3,2,4,35,18,27.64
Trainee,System Administrator,32,3,4,3,3,45,8,35.44
Junior,Business Analyst,44,8,2,2,7,27,26,34.61
Senior,System Administrator,39,36,5,4,19,27,24,70.24
Senior,Business Analyst,43,31,3,4,27,38,43,69.26
Junior,Data Analyst,44,13,5,3,16,37,24,54
Senior,DevOps Engineer,52,20,3,5,13,43,37,71.24
Senior,Database Administrator,52,16,4,4,19,14,43,65.14
Senior,System Administrator,45,27,4,2,12,20,29,57.73
Senior,DevOps Engineer,42,24,5,4,16,10,43,68.89
Junior,DevOps Engineer,41,9,3,3,1,35,23,44.46
Trainee,UX Designer,20,3,3,1,9,23,6,25
Junior,Data Analyst,37,10,3,2,12,32,11,37.5
Trainee,Data Scientist,30,-2,4,1,10,40,6,34.19
Senior,Data Scientist,50,22,3,3,23,25,40,70.21
Senior,System Administrator,38,24,5,5,13,16,37,67.56
Trainee,DevOps Engineer,23,5,1,1,7,33,4,19.88
Senior,Data Scientist,39,24,4,5,23,1,13,65.63
Junior,DevOps Engineer,30,7,3,3,12,24,30,45.1
Trainee,Data Analyst,31,-1,1,3,9,40,13,25.17
Junior,Data Analyst,33,9,2,4,17,46,14,44.36
Trainee,System Administrator,34,1,1,1,3,27,18,20.27
Junior,Data Analyst,46,11,3,1,17,49,11,42.64
Trainee,Business Analyst,36,2,1,1,0,26,9,12.81
Senior,Data Analyst,46,17,5,2,10,44,27,58.06
Trainee,QA Tester,30,3,2,2,4,18,6,27.72
Trainee,Business Analyst,29,5,2,3,3,40,21,26.92
Senior,QA Tester,32,27,5,3,12,30,26,67.59
Senior,Business Analyst,60,18,5,4,20,29,33,68.35
Junior,Business Analyst,36,4,3,3,12,36,29,41.53
Junior,System Administrator,29,9,3,4,10,12,25,42.33
Senior,Data Analyst,48,16,5,3,9,24,43,60.35
